Ticker,Measure,Mnemonic,Period,Value,Formula (reference),parsed_value,category
XLNX,EPS Excl. Excep/GW (point),IQ_EPS_EXCL_GUIDANCE,FY2014,0,"CIQ(""XLNX"",""IQ_EPS_EXCL_GUIDANCE"",""FY2014"")",,zero_as_na
XLNX,EPS Excl. Excep/GW (point),IQ_EPS_EXCL_GUIDANCE,FY2015,0,"CIQ(""XLNX"",""IQ_EPS_EXCL_GUIDANCE"",""FY2015"")",,zero_as_na
XLNX,EPS Excl. Excep/GW (point),IQ_EPS_EXCL_GUIDANCE,FY2016,0,"CIQ(""XLNX"",""IQ_EPS_EXCL_GUIDANCE"",""FY2016"")",,zero_as_na
XLNX,EPS Excl. Excep/GW (point),IQ_EPS_EXCL_GUIDANCE,FY2017,0,"CIQ(""XLNX"",""IQ_EPS_EXCL_GUIDANCE"",""FY2017"")",,zero_as_na
XLNX,EPS Excl. Excep/GW (point),IQ_EPS_EXCL_GUIDANCE,FY2018,0,"CIQ(""XLNX"",""IQ_EPS_EXCL_GUIDANCE"",""FY2018"")",,zero_as_na
XLNX,EPS Excl. Excep/GW (point),IQ_EPS_EXCL_GUIDANCE,FY2019,0,"CIQ(""XLNX"",""IQ_EPS_EXCL_GUIDANCE"",""FY2019"")",,zero_as_na
XLNX,EPS Excl. Excep/GW High,IQ_EPS_EXCL_HIGH_GUIDANCE,FY2014,0,"CIQ(""XLNX"",""IQ_EPS_EXCL_HIGH_GUIDANCE"",""FY2014"")",,zero_as_na
XLNX,EPS Excl. Excep/GW High,IQ_EPS_EXCL_HIGH_GUIDANCE,FY2015,0,"CIQ(""XLNX"",""IQ_EPS_EXCL_HIGH_GUIDANCE"",""FY2015"")",,zero_as_na
XLNX,EPS Excl. Excep/GW High,IQ_EPS_EXCL_HIGH_GUIDANCE,FY2016,0,"CIQ(""XLNX"",""IQ_EPS_EXCL_HIGH_GUIDANCE"",""FY2016"")",,zero_as_na
XLNX,EPS Excl. Excep/GW High,IQ_EPS_EXCL_HIGH_GUIDANCE,FY2017,0,"CIQ(""XLNX"",""IQ_EPS_EXCL_HIGH_GUIDANCE"",""FY2017"")",,zero_as_na
XLNX,EPS Excl. Excep/GW High,IQ_EPS_EXCL_HIGH_GUIDANCE,FY2018,0,"CIQ(""XLNX"",""IQ_EPS_EXCL_HIGH_GUIDANCE"",""FY2018"")",,zero_as_na
XLNX,EPS Excl. Excep/GW High,IQ_EPS_EXCL_HIGH_GUIDANCE,FY2019,0,"CIQ(""XLNX"",""IQ_EPS_EXCL_HIGH_GUIDANCE"",""FY2019"")",,zero_as_na
XLNX,EPS Excl. Excep/GW Low,IQ_EPS_EXCL_LOW_GUIDANCE,FY2014,0,"CIQ(""XLNX"",""IQ_EPS_EXCL_LOW_GUIDANCE"",""FY2014"")",,zero_as_na
XLNX,EPS Excl. Excep/GW Low,IQ_EPS_EXCL_LOW_GUIDANCE,FY2015,0,"CIQ(""XLNX"",""IQ_EPS_EXCL_LOW_GUIDANCE"",""FY2015"")",,zero_as_na
XLNX,EPS Excl. Excep/GW Low,IQ_EPS_EXCL_LOW_GUIDANCE,FY2016,0,"CIQ(""XLNX"",""IQ_EPS_EXCL_LOW_GUIDANCE"",""FY2016"")",,zero_as_na
XLNX,EPS Excl. Excep/GW Low,IQ_EPS_EXCL_LOW_GUIDANCE,FY2017,0,"CIQ(""XLNX"",""IQ_EPS_EXCL_LOW_GUIDANCE"",""FY2017"")",,zero_as_na
XLNX,EPS Excl. Excep/GW Low,IQ_EPS_EXCL_LOW_GUIDANCE,FY2018,0,"CIQ(""XLNX"",""IQ_EPS_EXCL_LOW_GUIDANCE"",""FY2018"")",,zero_as_na
XLNX,EPS Excl. Excep/GW Low,IQ_EPS_EXCL_LOW_GUIDANCE,FY2019,0,"CIQ(""XLNX"",""IQ_EPS_EXCL_LOW_GUIDANCE"",""FY2019"")",,zero_as_na
XLNX,Revenue (point),IQ_REVENUE_GUIDANCE,FY2014,0,"CIQ(""XLNX"",""IQ_REVENUE_GUIDANCE"",""FY2014"")",,zero_as_na
XLNX,Revenue (point),IQ_REVENUE_GUIDANCE,FY2015,2382.53 - 2477.83,"CIQ(""XLNX"",""IQ_REVENUE_GUIDANCE"",""FY2015"")",2430.1800000000003,range
XLNX,Revenue (point),IQ_REVENUE_GUIDANCE,FY2016,0,"CIQ(""XLNX"",""IQ_REVENUE_GUIDANCE"",""FY2016"")",,zero_as_na
XLNX,Revenue (point),IQ_REVENUE_GUIDANCE,FY2017,2302.44 - 2390.99,"CIQ(""XLNX"",""IQ_REVENUE_GUIDANCE"",""FY2017"")",2346.715,range
XLNX,Revenue (point),IQ_REVENUE_GUIDANCE,FY2018, > 2500.00,"CIQ(""XLNX"",""IQ_REVENUE_GUIDANCE"",""FY2018"")",2500.0,bound
XLNX,Revenue (point),IQ_REVENUE_GUIDANCE,FY2019,2950.00 - 3000.00,"CIQ(""XLNX"",""IQ_REVENUE_GUIDANCE"",""FY2019"")",2975.0,range
XLNX,Revenue High,IQ_REVENUE_HIGH_GUIDANCE,FY2014,0,"CIQ(""XLNX"",""IQ_REVENUE_HIGH_GUIDANCE"",""FY2014"")",,zero_as_na
XLNX,Revenue High,IQ_REVENUE_HIGH_GUIDANCE,FY2015,2477.83224,"CIQ(""XLNX"",""IQ_REVENUE_HIGH_GUIDANCE"",""FY2015"")",2477.83224,number
XLNX,Revenue High,IQ_REVENUE_HIGH_GUIDANCE,FY2016,0,"CIQ(""XLNX"",""IQ_REVENUE_HIGH_GUIDANCE"",""FY2016"")",,zero_as_na
XLNX,Revenue High,IQ_REVENUE_HIGH_GUIDANCE,FY2017,2390.99148,"CIQ(""XLNX"",""IQ_REVENUE_HIGH_GUIDANCE"",""FY2017"")",2390.99148,number
XLNX,Revenue High,IQ_REVENUE_HIGH_GUIDANCE,FY2018,0,"CIQ(""XLNX"",""IQ_REVENUE_HIGH_GUIDANCE"",""FY2018"")",,zero_as_na
XLNX,Revenue High,IQ_REVENUE_HIGH_GUIDANCE,FY2019,3000,"CIQ(""XLNX"",""IQ_REVENUE_HIGH_GUIDANCE"",""FY2019"")",3000.0,number
XLNX,Revenue Low,IQ_REVENUE_LOW_GUIDANCE,FY2014,0,"CIQ(""XLNX"",""IQ_REVENUE_LOW_GUIDANCE"",""FY2014"")",,zero_as_na
XLNX,Revenue Low,IQ_REVENUE_LOW_GUIDANCE,FY2015,2382.531,"CIQ(""XLNX"",""IQ_REVENUE_LOW_GUIDANCE"",""FY2015"")",2382.531,number
XLNX,Revenue Low,IQ_REVENUE_LOW_GUIDANCE,FY2016,0,"CIQ(""XLNX"",""IQ_REVENUE_LOW_GUIDANCE"",""FY2016"")",,zero_as_na
XLNX,Revenue Low,IQ_REVENUE_LOW_GUIDANCE,FY2017,2302.43624,"CIQ(""XLNX"",""IQ_REVENUE_LOW_GUIDANCE"",""FY2017"")",2302.43624,number
XLNX,Revenue Low,IQ_REVENUE_LOW_GUIDANCE,FY2018,2500,"CIQ(""XLNX"",""IQ_REVENUE_LOW_GUIDANCE"",""FY2018"")",2500.0,number
XLNX,Revenue Low,IQ_REVENUE_LOW_GUIDANCE,FY2019,2950,"CIQ(""XLNX"",""IQ_REVENUE_LOW_GUIDANCE"",""FY2019"")",2950.0,number
XLNX,EBITDA (point),IQ_EBITDA_GUIDANCE,FY2014,0,"CIQ(""XLNX"",""IQ_EBITDA_GUIDANCE"",""FY2014"")",,zero_as_na
XLNX,EBITDA (point),IQ_EBITDA_GUIDANCE,FY2015,0,"CIQ(""XLNX"",""IQ_EBITDA_GUIDANCE"",""FY2015"")",,zero_as_na
XLNX,EBITDA (point),IQ_EBITDA_GUIDANCE,FY2016,0,"CIQ(""XLNX"",""IQ_EBITDA_GUIDANCE"",""FY2016"")",,zero_as_na
XLNX,EBITDA (point),IQ_EBITDA_GUIDANCE,FY2017,0,"CIQ(""XLNX"",""IQ_EBITDA_GUIDANCE"",""FY2017"")",,zero_as_na
XLNX,EBITDA (point),IQ_EBITDA_GUIDANCE,FY2018,0,"CIQ(""XLNX"",""IQ_EBITDA_GUIDANCE"",""FY2018"")",,zero_as_na
XLNX,EBITDA (point),IQ_EBITDA_GUIDANCE,FY2019,0,"CIQ(""XLNX"",""IQ_EBITDA_GUIDANCE"",""FY2019"")",,zero_as_na
XOM,EPS Excl. Excep/GW (point),IQ_EPS_EXCL_GUIDANCE,FY2014,0,"CIQ(""XOM"",""IQ_EPS_EXCL_GUIDANCE"",""FY2014"")",,zero_as_na
XOM,EPS Excl. Excep/GW (point),IQ_EPS_EXCL_GUIDANCE,FY2015,0,"CIQ(""XOM"",""IQ_EPS_EXCL_GUIDANCE"",""FY2015"")",,zero_as_na
XOM,EPS Excl. Excep/GW (point),IQ_EPS_EXCL_GUIDANCE,FY2016,0,"CIQ(""XOM"",""IQ_EPS_EXCL_GUIDANCE"",""FY2016"")",,zero_as_na
XOM,EPS Excl. Excep/GW (point),IQ_EPS_EXCL_GUIDANCE,FY2017,0,"CIQ(""XOM"",""IQ_EPS_EXCL_GUIDANCE"",""FY2017"")",,zero_as_na
XOM,EPS Excl. Excep/GW (point),IQ_EPS_EXCL_GUIDANCE,FY2018,0,"CIQ(""XOM"",""IQ_EPS_EXCL_GUIDANCE"",""FY2018"")",,zero_as_na
XOM,EPS Excl. Excep/GW (point),IQ_EPS_EXCL_GUIDANCE,FY2019,0,"CIQ(""XOM"",""IQ_EPS_EXCL_GUIDANCE"",""FY2019"")",,zero_as_na
XOM,EPS Excl. Excep/GW High,IQ_EPS_EXCL_HIGH_GUIDANCE,FY2014,0,"CIQ(""XOM"",""IQ_EPS_EXCL_HIGH_GUIDANCE"",""FY2014"")",,zero_as_na
XOM,EPS Excl. Excep/GW High,IQ_EPS_EXCL_HIGH_GUIDANCE,FY2015,0,"CIQ(""XOM"",""IQ_EPS_EXCL_HIGH_GUIDANCE"",""FY2015"")",,zero_as_na
XOM,EPS Excl. Excep/GW High,IQ_EPS_EXCL_HIGH_GUIDANCE,FY2016,0,"CIQ(""XOM"",""IQ_EPS_EXCL_HIGH_GUIDANCE"",""FY2016"")",,zero_as_na
XOM,EPS Excl. Excep/GW High,IQ_EPS_EXCL_HIGH_GUIDANCE,FY2017,0,"CIQ(""XOM"",""IQ_EPS_EXCL_HIGH_GUIDANCE"",""FY2017"")",,zero_as_na
XOM,EPS Excl. Excep/GW High,IQ_EPS_EXCL_HIGH_GUIDANCE,FY2018,0,"CIQ(""XOM"",""IQ_EPS_EXCL_HIGH_GUIDANCE"",""FY2018"")",,zero_as_na
XOM,EPS Excl. Excep/GW High,IQ_EPS_EXCL_HIGH_GUIDANCE,FY2019,0,"CIQ(""XOM"",""IQ_EPS_EXCL_HIGH_GUIDANCE"",""FY2019"")",,zero_as_na
XOM,EPS Excl. Excep/GW Low,IQ_EPS_EXCL_LOW_GUIDANCE,FY2014,0,"CIQ(""XOM"",""IQ_EPS_EXCL_LOW_GUIDANCE"",""FY2014"")",,zero_as_na
XOM,EPS Excl. Excep/GW Low,IQ_EPS_EXCL_LOW_GUIDANCE,FY2015,0,"CIQ(""XOM"",""IQ_EPS_EXCL_LOW_GUIDANCE"",""FY2015"")",,zero_as_na
XOM,EPS Excl. Excep/GW Low,IQ_EPS_EXCL_LOW_GUIDANCE,FY2016,0,"CIQ(""XOM"",""IQ_EPS_EXCL_LOW_GUIDANCE"",""FY2016"")",,zero_as_na
XOM,EPS Excl. Excep/GW Low,IQ_EPS_EXCL_LOW_GUIDANCE,FY2017,0,"CIQ(""XOM"",""IQ_EPS_EXCL_LOW_GUIDANCE"",""FY2017"")",,zero_as_na
XOM,EPS Excl. Excep/GW Low,IQ_EPS_EXCL_LOW_GUIDANCE,FY2018,0,"CIQ(""XOM"",""IQ_EPS_EXCL_LOW_GUIDANCE"",""FY2018"")",,zero_as_na
XOM,EPS Excl. Excep/GW Low,IQ_EPS_EXCL_LOW_GUIDANCE,FY2019,0,"CIQ(""XOM"",""IQ_EPS_EXCL_LOW_GUIDANCE"",""FY2019"")",,zero_as_na
XOM,Revenue (point),IQ_REVENUE_GUIDANCE,FY2014,0,"CIQ(""XOM"",""IQ_REVENUE_GUIDANCE"",""FY2014"")",,zero_as_na
XOM,Revenue (point),IQ_REVENUE_GUIDANCE,FY2015,0,"CIQ(""XOM"",""IQ_REVENUE_GUIDANCE"",""FY2015"")",,zero_as_na
XOM,Revenue (point),IQ_REVENUE_GUIDANCE,FY2016,0,"CIQ(""XOM"",""IQ_REVENUE_GUIDANCE"",""FY2016"")",,zero_as_na
XOM,Revenue (point),IQ_REVENUE_GUIDANCE,FY2017,0,"CIQ(""XOM"",""IQ_REVENUE_GUIDANCE"",""FY2017"")",,zero_as_na
XOM,Revenue (point),IQ_REVENUE_GUIDANCE,FY2018,0,"CIQ(""XOM"",""IQ_REVENUE_GUIDANCE"",""FY2018"")",,zero_as_na
XOM,Revenue (point),IQ_REVENUE_GUIDANCE,FY2019,0,"CIQ(""XOM"",""IQ_REVENUE_GUIDANCE"",""FY2019"")",,zero_as_na
XOM,Revenue High,IQ_REVENUE_HIGH_GUIDANCE,FY2014,0,"CIQ(""XOM"",""IQ_REVENUE_HIGH_GUIDANCE"",""FY2014"")",,zero_as_na
XOM,Revenue High,IQ_REVENUE_HIGH_GUIDANCE,FY2015,0,"CIQ(""XOM"",""IQ_REVENUE_HIGH_GUIDANCE"",""FY2015"")",,zero_as_na
XOM,Revenue High,IQ_REVENUE_HIGH_GUIDANCE,FY2016,0,"CIQ(""XOM"",""IQ_REVENUE_HIGH_GUIDANCE"",""FY2016"")",,zero_as_na
XOM,Revenue High,IQ_REVENUE_HIGH_GUIDANCE,FY2017,0,"CIQ(""XOM"",""IQ_REVENUE_HIGH_GUIDANCE"",""FY2017"")",,zero_as_na
XOM,Revenue High,IQ_REVENUE_HIGH_GUIDANCE,FY2018,0,"CIQ(""XOM"",""IQ_REVENUE_HIGH_GUIDANCE"",""FY2018"")",,zero_as_na
XOM,Revenue High,IQ_REVENUE_HIGH_GUIDANCE,FY2019,0,"CIQ(""XOM"",""IQ_REVENUE_HIGH_GUIDANCE"",""FY2019"")",,zero_as_na
XOM,Revenue Low,IQ_REVENUE_LOW_GUIDANCE,FY2014,0,"CIQ(""XOM"",""IQ_REVENUE_LOW_GUIDANCE"",""FY2014"")",,zero_as_na
XOM,Revenue Low,IQ_REVENUE_LOW_GUIDANCE,FY2015,0,"CIQ(""XOM"",""IQ_REVENUE_LOW_GUIDANCE"",""FY2015"")",,zero_as_na
XOM,Revenue Low,IQ_REVENUE_LOW_GUIDANCE,FY2016,0,"CIQ(""XOM"",""IQ_REVENUE_LOW_GUIDANCE"",""FY2016"")",,zero_as_na
XOM,Revenue Low,IQ_REVENUE_LOW_GUIDANCE,FY2017,0,"CIQ(""XOM"",""IQ_REVENUE_LOW_GUIDANCE"",""FY2017"")",,zero_as_na
XOM,Revenue Low,IQ_REVENUE_LOW_GUIDANCE,FY2018,0,"CIQ(""XOM"",""IQ_REVENUE_LOW_GUIDANCE"",""FY2018"")",,zero_as_na
XOM,Revenue Low,IQ_REVENUE_LOW_GUIDANCE,FY2019,0,"CIQ(""XOM"",""IQ_REVENUE_LOW_GUIDANCE"",""FY2019"")",,zero_as_na
XOM,EBITDA (point),IQ_EBITDA_GUIDANCE,FY2014,0,"CIQ(""XOM"",""IQ_EBITDA_GUIDANCE"",""FY2014"")",,zero_as_na
XOM,EBITDA (point),IQ_EBITDA_GUIDANCE,FY2015,0,"CIQ(""XOM"",""IQ_EBITDA_GUIDANCE"",""FY2015"")",,zero_as_na
XOM,EBITDA (point),IQ_EBITDA_GUIDANCE,FY2016,0,"CIQ(""XOM"",""IQ_EBITDA_GUIDANCE"",""FY2016"")",,zero_as_na
XOM,EBITDA (point),IQ_EBITDA_GUIDANCE,FY2017,0,"CIQ(""XOM"",""IQ_EBITDA_GUIDANCE"",""FY2017"")",,zero_as_na
XOM,EBITDA (point),IQ_EBITDA_GUIDANCE,FY2018,0,"CIQ(""XOM"",""IQ_EBITDA_GUIDANCE"",""FY2018"")",,zero_as_na
XOM,EBITDA (point),IQ_EBITDA_GUIDANCE,FY2019,0,"CIQ(""XOM"",""IQ_EBITDA_GUIDANCE"",""FY2019"")",,zero_as_na
XOXO,EPS Excl. Excep/GW (point),IQ_EPS_EXCL_GUIDANCE,FY2014,0,"CIQ(""XOXO"",""IQ_EPS_EXCL_GUIDANCE"",""FY2014"")",,zero_as_na
XOXO,EPS Excl. Excep/GW (point),IQ_EPS_EXCL_GUIDANCE,FY2015,0,"CIQ(""XOXO"",""IQ_EPS_EXCL_GUIDANCE"",""FY2015"")",,zero_as_na
XOXO,EPS Excl. Excep/GW (point),IQ_EPS_EXCL_GUIDANCE,FY2016,0,"CIQ(""XOXO"",""IQ_EPS_EXCL_GUIDANCE"",""FY2016"")",,zero_as_na
XOXO,EPS Excl. Excep/GW (point),IQ_EPS_EXCL_GUIDANCE,FY2017,0,"CIQ(""XOXO"",""IQ_EPS_EXCL_GUIDANCE"",""FY2017"")",,zero_as_na
XOXO,EPS Excl. Excep/GW (point),IQ_EPS_EXCL_GUIDANCE,FY2018,0,"CIQ(""XOXO"",""IQ_EPS_EXCL_GUIDANCE"",""FY2018"")",,zero_as_na
XOXO,EPS Excl. Excep/GW (point),IQ_EPS_EXCL_GUIDANCE,FY2019,0,"CIQ(""XOXO"",""IQ_EPS_EXCL_GUIDANCE"",""FY2019"")",,zero_as_na
XOXO,EPS Excl. Excep/GW High,IQ_EPS_EXCL_HIGH_GUIDANCE,FY2014,0,"CIQ(""XOXO"",""IQ_EPS_EXCL_HIGH_GUIDANCE"",""FY2014"")",,zero_as_na
XOXO,EPS Excl. Excep/GW High,IQ_EPS_EXCL_HIGH_GUIDANCE,FY2015,0,"CIQ(""XOXO"",""IQ_EPS_EXCL_HIGH_GUIDANCE"",""FY2015"")",,zero_as_na
XOXO,EPS Excl. Excep/GW High,IQ_EPS_EXCL_HIGH_GUIDANCE,FY2016,0,"CIQ(""XOXO"",""IQ_EPS_EXCL_HIGH_GUIDANCE"",""FY2016"")",,zero_as_na
XOXO,EPS Excl. Excep/GW High,IQ_EPS_EXCL_HIGH_GUIDANCE,FY2017,0,"CIQ(""XOXO"",""IQ_EPS_EXCL_HIGH_GUIDANCE"",""FY2017"")",,zero_as_na
XOXO,EPS Excl. Excep/GW High,IQ_EPS_EXCL_HIGH_GUIDANCE,FY2018,0,"CIQ(""XOXO"",""IQ_EPS_EXCL_HIGH_GUIDANCE"",""FY2018"")",,zero_as_na
XOXO,EPS Excl. Excep/GW High,IQ_EPS_EXCL_HIGH_GUIDANCE,FY2019,0,"CIQ(""XOXO"",""IQ_EPS_EXCL_HIGH_GUIDANCE"",""FY2019"")",,zero_as_na
XOXO,EPS Excl. Excep/GW Low,IQ_EPS_EXCL_LOW_GUIDANCE,FY2014,0,"CIQ(""XOXO"",""IQ_EPS_EXCL_LOW_GUIDANCE"",""FY2014"")",,zero_as_na
XOXO,EPS Excl. Excep/GW Low,IQ_EPS_EXCL_LOW_GUIDANCE,FY2015,0,"CIQ(""XOXO"",""IQ_EPS_EXCL_LOW_GUIDANCE"",""FY2015"")",,zero_as_na
XOXO,EPS Excl. Excep/GW Low,IQ_EPS_EXCL_LOW_GUIDANCE,FY2016,0,"CIQ(""XOXO"",""IQ_EPS_EXCL_LOW_GUIDANCE"",""FY2016"")",,zero_as_na
XOXO,EPS Excl. Excep/GW Low,IQ_EPS_EXCL_LOW_GUIDANCE,FY2017,0,"CIQ(""XOXO"",""IQ_EPS_EXCL_LOW_GUIDANCE"",""FY2017"")",,zero_as_na
XOXO,EPS Excl. Excep/GW Low,IQ_EPS_EXCL_LOW_GUIDANCE,FY2018,0,"CIQ(""XOXO"",""IQ_EPS_EXCL_LOW_GUIDANCE"",""FY2018"")",,zero_as_na
XOXO,EPS Excl. Excep/GW Low,IQ_EPS_EXCL_LOW_GUIDANCE,FY2019,0,"CIQ(""XOXO"",""IQ_EPS_EXCL_LOW_GUIDANCE"",""FY2019"")",,zero_as_na
XOXO,Revenue (point),IQ_REVENUE_GUIDANCE,FY2014,0,"CIQ(""XOXO"",""IQ_REVENUE_GUIDANCE"",""FY2014"")",,zero_as_na
XOXO,Revenue (point),IQ_REVENUE_GUIDANCE,FY2015,0,"CIQ(""XOXO"",""IQ_REVENUE_GUIDANCE"",""FY2015"")",,zero_as_na
XOXO,Revenue (point),IQ_REVENUE_GUIDANCE,FY2016,0,"CIQ(""XOXO"",""IQ_REVENUE_GUIDANCE"",""FY2016"")",,zero_as_na
XOXO,Revenue (point),IQ_REVENUE_GUIDANCE,FY2017,0,"CIQ(""XOXO"",""IQ_REVENUE_GUIDANCE"",""FY2017"")",,zero_as_na
XOXO,Revenue (point),IQ_REVENUE_GUIDANCE,FY2018,0,"CIQ(""XOXO"",""IQ_REVENUE_GUIDANCE"",""FY2018"")",,zero_as_na
XOXO,Revenue (point),IQ_REVENUE_GUIDANCE,FY2019,0,"CIQ(""XOXO"",""IQ_REVENUE_GUIDANCE"",""FY2019"")",,zero_as_na
XOXO,Revenue High,IQ_REVENUE_HIGH_GUIDANCE,FY2014,0,"CIQ(""XOXO"",""IQ_REVENUE_HIGH_GUIDANCE"",""FY2014"")",,zero_as_na
XOXO,Revenue High,IQ_REVENUE_HIGH_GUIDANCE,FY2015,0,"CIQ(""XOXO"",""IQ_REVENUE_HIGH_GUIDANCE"",""FY2015"")",,zero_as_na
XOXO,Revenue High,IQ_REVENUE_HIGH_GUIDANCE,FY2016,0,"CIQ(""XOXO"",""IQ_REVENUE_HIGH_GUIDANCE"",""FY2016"")",,zero_as_na
XOXO,Revenue High,IQ_REVENUE_HIGH_GUIDANCE,FY2017,0,"CIQ(""XOXO"",""IQ_REVENUE_HIGH_GUIDANCE"",""FY2017"")",,zero_as_na
XOXO,Revenue High,IQ_REVENUE_HIGH_GUIDANCE,FY2018,0,"CIQ(""XOXO"",""IQ_REVENUE_HIGH_GUIDANCE"",""FY2018"")",,zero_as_na
XOXO,Revenue High,IQ_REVENUE_HIGH_GUIDANCE,FY2019,0,"CIQ(""XOXO"",""IQ_REVENUE_HIGH_GUIDANCE"",""FY2019"")",,zero_as_na
XOXO,Revenue Low,IQ_REVENUE_LOW_GUIDANCE,FY2014,0,"CIQ(""XOXO"",""IQ_REVENUE_LOW_GUIDANCE"",""FY2014"")",,zero_as_na
XOXO,Revenue Low,IQ_REVENUE_LOW_GUIDANCE,FY2015,0,"CIQ(""XOXO"",""IQ_REVENUE_LOW_GUIDANCE"",""FY2015"")",,zero_as_na
XOXO,Revenue Low,IQ_REVENUE_LOW_GUIDANCE,FY2016,0,"CIQ(""XOXO"",""IQ_REVENUE_LOW_GUIDANCE"",""FY2016"")",,zero_as_na
XOXO,Revenue Low,IQ_REVENUE_LOW_GUIDANCE,FY2017,0,"CIQ(""XOXO"",""IQ_REVENUE_LOW_GUIDANCE"",""FY2017"")",,zero_as_na
XOXO,Revenue Low,IQ_REVENUE_LOW_GUIDANCE,FY2018,0,"CIQ(""XOXO"",""IQ_REVENUE_LOW_GUIDANCE"",""FY2018"")",,zero_as_na
XOXO,Revenue Low,IQ_REVENUE_LOW_GUIDANCE,FY2019,0,"CIQ(""XOXO"",""IQ_REVENUE_LOW_GUIDANCE"",""FY2019"")",,zero_as_na
XOXO,EBITDA (point),IQ_EBITDA_GUIDANCE,FY2014,0,"CIQ(""XOXO"",""IQ_EBITDA_GUIDANCE"",""FY2014"")",,zero_as_na
XOXO,EBITDA (point),IQ_EBITDA_GUIDANCE,FY2015,0,"CIQ(""XOXO"",""IQ_EBITDA_GUIDANCE"",""FY2015"")",,zero_as_na
XOXO,EBITDA (point),IQ_EBITDA_GUIDANCE,FY2016,0,"CIQ(""XOXO"",""IQ_EBITDA_GUIDANCE"",""FY2016"")",,zero_as_na
XOXO,EBITDA (point),IQ_EBITDA_GUIDANCE,FY2017,0,"CIQ(""XOXO"",""IQ_EBITDA_GUIDANCE"",""FY2017"")",,zero_as_na
XOXO,EBITDA (point),IQ_EBITDA_GUIDANCE,FY2018,0,"CIQ(""XOXO"",""IQ_EBITDA_GUIDANCE"",""FY2018"")",,zero_as_na
XOXO,EBITDA (point),IQ_EBITDA_GUIDANCE,FY2019,0,"CIQ(""XOXO"",""IQ_EBITDA_GUIDANCE"",""FY2019"")",,zero_as_na
XRAY,EPS Excl. Excep/GW (point),IQ_EPS_EXCL_GUIDANCE,FY2014,2.49 - 2.53,"CIQ(""XRAY"",""IQ_EPS_EXCL_GUIDANCE"",""FY2014"")",2.51,range
XRAY,EPS Excl. Excep/GW (point),IQ_EPS_EXCL_GUIDANCE,FY2015,2.58 - 2.64,"CIQ(""XRAY"",""IQ_EPS_EXCL_GUIDANCE"",""FY2015"")",2.6100000000000003,range
XRAY,EPS Excl. Excep/GW (point),IQ_EPS_EXCL_GUIDANCE,FY2016,2.75 - 2.80,"CIQ(""XRAY"",""IQ_EPS_EXCL_GUIDANCE"",""FY2016"")",2.775,range
XRAY,EPS Excl. Excep/GW (point),IQ_EPS_EXCL_GUIDANCE,FY2017,2.65 - 2.70,"CIQ(""XRAY"",""IQ_EPS_EXCL_GUIDANCE"",""FY2017"")",2.675,range
XRAY,EPS Excl. Excep/GW (point),IQ_EPS_EXCL_GUIDANCE,FY2018, < 2.00,"CIQ(""XRAY"",""IQ_EPS_EXCL_GUIDANCE"",""FY2018"")",2.0,bound
XRAY,EPS Excl. Excep/GW (point),IQ_EPS_EXCL_GUIDANCE,FY2019,2.42 - 2.48,"CIQ(""XRAY"",""IQ_EPS_EXCL_GUIDANCE"",""FY2019"")",2.45,range
XRAY,EPS Excl. Excep/GW High,IQ_EPS_EXCL_HIGH_GUIDANCE,FY2014,2.53,"CIQ(""XRAY"",""IQ_EPS_EXCL_HIGH_GUIDANCE"",""FY2014"")",2.53,number
XRAY,EPS Excl. Excep/GW High,IQ_EPS_EXCL_HIGH_GUIDANCE,FY2015,2.64,"CIQ(""XRAY"",""IQ_EPS_EXCL_HIGH_GUIDANCE"",""FY2015"")",2.64,number
XRAY,EPS Excl. Excep/GW High,IQ_EPS_EXCL_HIGH_GUIDANCE,FY2016,2.8,"CIQ(""XRAY"",""IQ_EPS_EXCL_HIGH_GUIDANCE"",""FY2016"")",2.8,number
XRAY,EPS Excl. Excep/GW High,IQ_EPS_EXCL_HIGH_GUIDANCE,FY2017,2.7,"CIQ(""XRAY"",""IQ_EPS_EXCL_HIGH_GUIDANCE"",""FY2017"")",2.7,number
XRAY,EPS Excl. Excep/GW High,IQ_EPS_EXCL_HIGH_GUIDANCE,FY2018,2,"CIQ(""XRAY"",""IQ_EPS_EXCL_HIGH_GUIDANCE"",""FY2018"")",2.0,number
XRAY,EPS Excl. Excep/GW High,IQ_EPS_EXCL_HIGH_GUIDANCE,FY2019,2.48,"CIQ(""XRAY"",""IQ_EPS_EXCL_HIGH_GUIDANCE"",""FY2019"")",2.48,number
XRAY,EPS Excl. Excep/GW Low,IQ_EPS_EXCL_LOW_GUIDANCE,FY2014,2.49,"CIQ(""XRAY"",""IQ_EPS_EXCL_LOW_GUIDANCE"",""FY2014"")",2.49,number
XRAY,EPS Excl. Excep/GW Low,IQ_EPS_EXCL_LOW_GUIDANCE,FY2015,2.58,"CIQ(""XRAY"",""IQ_EPS_EXCL_LOW_GUIDANCE"",""FY2015"")",2.58,number
XRAY,EPS Excl. Excep/GW Low,IQ_EPS_EXCL_LOW_GUIDANCE,FY2016,2.75,"CIQ(""XRAY"",""IQ_EPS_EXCL_LOW_GUIDANCE"",""FY2016"")",2.75,number
XRAY,EPS Excl. Excep/GW Low,IQ_EPS_EXCL_LOW_GUIDANCE,FY2017,2.65,"CIQ(""XRAY"",""IQ_EPS_EXCL_LOW_GUIDANCE"",""FY2017"")",2.65,number
XRAY,EPS Excl. Excep/GW Low,IQ_EPS_EXCL_LOW_GUIDANCE,FY2018,0,"CIQ(""XRAY"",""IQ_EPS_EXCL_LOW_GUIDANCE"",""FY2018"")",,zero_as_na
XRAY,EPS Excl. Excep/GW Low,IQ_EPS_EXCL_LOW_GUIDANCE,FY2019,2.42,"CIQ(""XRAY"",""IQ_EPS_EXCL_LOW_GUIDANCE"",""FY2019"")",2.42,number
XRAY,Revenue (point),IQ_REVENUE_GUIDANCE,FY2014,0,"CIQ(""XRAY"",""IQ_REVENUE_GUIDANCE"",""FY2014"")",,zero_as_na
XRAY,Revenue (point),IQ_REVENUE_GUIDANCE,FY2015,0,"CIQ(""XRAY"",""IQ_REVENUE_GUIDANCE"",""FY2015"")",,zero_as_na
XRAY,Revenue (point),IQ_REVENUE_GUIDANCE,FY2016,3730,"CIQ(""XRAY"",""IQ_REVENUE_GUIDANCE"",""FY2016"")",3730.0,number
XRAY,Revenue (point),IQ_REVENUE_GUIDANCE,FY2017,3950,"CIQ(""XRAY"",""IQ_REVENUE_GUIDANCE"",""FY2017"")",3950.0,number
XRAY,Revenue (point),IQ_REVENUE_GUIDANCE,FY2018,3950,"CIQ(""XRAY"",""IQ_REVENUE_GUIDANCE"",""FY2018"")",3950.0,number
XRAY,Revenue (point),IQ_REVENUE_GUIDANCE,FY2019,3950.00 - 4050.00,"CIQ(""XRAY"",""IQ_REVENUE_GUIDANCE"",""FY2019"")",4000.0,range
XRAY,Revenue High,IQ_REVENUE_HIGH_GUIDANCE,FY2014,0,"CIQ(""XRAY"",""IQ_REVENUE_HIGH_GUIDANCE"",""FY2014"")",,zero_as_na
XRAY,Revenue High,IQ_REVENUE_HIGH_GUIDANCE,FY2015,0,"CIQ(""XRAY"",""IQ_REVENUE_HIGH_GUIDANCE"",""FY2015"")",,zero_as_na
XRAY,Revenue High,IQ_REVENUE_HIGH_GUIDANCE,FY2016,3730,"CIQ(""XRAY"",""IQ_REVENUE_HIGH_GUIDANCE"",""FY2016"")",3730.0,number
XRAY,Revenue High,IQ_REVENUE_HIGH_GUIDANCE,FY2017,3950,"CIQ(""XRAY"",""IQ_REVENUE_HIGH_GUIDANCE"",""FY2017"")",3950.0,number
XRAY,Revenue High,IQ_REVENUE_HIGH_GUIDANCE,FY2018,3950,"CIQ(""XRAY"",""IQ_REVENUE_HIGH_GUIDANCE"",""FY2018"")",3950.0,number
XRAY,Revenue High,IQ_REVENUE_HIGH_GUIDANCE,FY2019,4050,"CIQ(""XRAY"",""IQ_REVENUE_HIGH_GUIDANCE"",""FY2019"")",4050.0,number
XRAY,Revenue Low,IQ_REVENUE_LOW_GUIDANCE,FY2014,0,"CIQ(""XRAY"",""IQ_REVENUE_LOW_GUIDANCE"",""FY2014"")",,zero_as_na
XRAY,Revenue Low,IQ_REVENUE_LOW_GUIDANCE,FY2015,0,"CIQ(""XRAY"",""IQ_REVENUE_LOW_GUIDANCE"",""FY2015"")",,zero_as_na
XRAY,Revenue Low,IQ_REVENUE_LOW_GUIDANCE,FY2016,3730,"CIQ(""XRAY"",""IQ_REVENUE_LOW_GUIDANCE"",""FY2016"")",3730.0,number
XRAY,Revenue Low,IQ_REVENUE_LOW_GUIDANCE,FY2017,3950,"CIQ(""XRAY"",""IQ_REVENUE_LOW_GUIDANCE"",""FY2017"")",3950.0,number
XRAY,Revenue Low,IQ_REVENUE_LOW_GUIDANCE,FY2018,3950,"CIQ(""XRAY"",""IQ_REVENUE_LOW_GUIDANCE"",""FY2018"")",3950.0,number
XRAY,Revenue Low,IQ_REVENUE_LOW_GUIDANCE,FY2019,3950,"CIQ(""XRAY"",""IQ_REVENUE_LOW_GUIDANCE"",""FY2019"")",3950.0,number
XRAY,EBITDA (point),IQ_EBITDA_GUIDANCE,FY2014,0,"CIQ(""XRAY"",""IQ_EBITDA_GUIDANCE"",""FY2014"")",,zero_as_na
XRAY,EBITDA (point),IQ_EBITDA_GUIDANCE,FY2015,0,"CIQ(""XRAY"",""IQ_EBITDA_GUIDANCE"",""FY2015"")",,zero_as_na
XRAY,EBITDA (point),IQ_EBITDA_GUIDANCE,FY2016,0,"CIQ(""XRAY"",""IQ_EBITDA_GUIDANCE"",""FY2016"")",,zero_as_na
XRAY,EBITDA (point),IQ_EBITDA_GUIDANCE,FY2017,0,"CIQ(""XRAY"",""IQ_EBITDA_GUIDANCE"",""FY2017"")",,zero_as_na
XRAY,EBITDA (point),IQ_EBITDA_GUIDANCE,FY2018,0,"CIQ(""XRAY"",""IQ_EBITDA_GUIDANCE"",""FY2018"")",,zero_as_na
XRAY,EBITDA (point),IQ_EBITDA_GUIDANCE,FY2019,0,"CIQ(""XRAY"",""IQ_EBITDA_GUIDANCE"",""FY2019"")",,zero_as_na
XRX,EPS Excl. Excep/GW (point),IQ_EPS_EXCL_GUIDANCE,FY2014,4.16 - 4.24,"CIQ(""XRX"",""IQ_EPS_EXCL_GUIDANCE"",""FY2014"")",4.2,range
XRX,EPS Excl. Excep/GW (point),IQ_EPS_EXCL_GUIDANCE,FY2015,3.8,"CIQ(""XRX"",""IQ_EPS_EXCL_GUIDANCE"",""FY2015"")",3.8,number
XRX,EPS Excl. Excep/GW (point),IQ_EPS_EXCL_GUIDANCE,FY2016,4.44 - 4.56,"CIQ(""XRX"",""IQ_EPS_EXCL_GUIDANCE"",""FY2016"")",4.5,range
XRX,EPS Excl. Excep/GW (point),IQ_EPS_EXCL_GUIDANCE,FY2017,3.28 - 3.44,"CIQ(""XRX"",""IQ_EPS_EXCL_GUIDANCE"",""FY2017"")",3.36,range
XRX,EPS Excl. Excep/GW (point),IQ_EPS_EXCL_GUIDANCE,FY2018,3.50 - 3.70,"CIQ(""XRX"",""IQ_EPS_EXCL_GUIDANCE"",""FY2018"")",3.6,range
XRX,EPS Excl. Excep/GW (point),IQ_EPS_EXCL_GUIDANCE,FY2019,3.30 - 3.40,"CIQ(""XRX"",""IQ_EPS_EXCL_GUIDANCE"",""FY2019"")",3.3499999999999996,range
XRX,EPS Excl. Excep/GW High,IQ_EPS_EXCL_HIGH_GUIDANCE,FY2014,4.24,"CIQ(""XRX"",""IQ_EPS_EXCL_HIGH_GUIDANCE"",""FY2014"")",4.24,number
XRX,EPS Excl. Excep/GW High,IQ_EPS_EXCL_HIGH_GUIDANCE,FY2015,3.8,"CIQ(""XRX"",""IQ_EPS_EXCL_HIGH_GUIDANCE"",""FY2015"")",3.8,number
XRX,EPS Excl. Excep/GW High,IQ_EPS_EXCL_HIGH_GUIDANCE,FY2016,4.56,"CIQ(""XRX"",""IQ_EPS_EXCL_HIGH_GUIDANCE"",""FY2016"")",4.56,number
XRX,EPS Excl. Excep/GW High,IQ_EPS_EXCL_HIGH_GUIDANCE,FY2017,3.44,"CIQ(""XRX"",""IQ_EPS_EXCL_HIGH_GUIDANCE"",""FY2017"")",3.44,number
XRX,EPS Excl. Excep/GW High,IQ_EPS_EXCL_HIGH_GUIDANCE,FY2018,3.7,"CIQ(""XRX"",""IQ_EPS_EXCL_HIGH_GUIDANCE"",""FY2018"")",3.7,number
XRX,EPS Excl. Excep/GW High,IQ_EPS_EXCL_HIGH_GUIDANCE,FY2019,3.4,"CIQ(""XRX"",""IQ_EPS_EXCL_HIGH_GUIDANCE"",""FY2019"")",3.4,number
XRX,EPS Excl. Excep/GW Low,IQ_EPS_EXCL_LOW_GUIDANCE,FY2014,4.16,"CIQ(""XRX"",""IQ_EPS_EXCL_LOW_GUIDANCE"",""FY2014"")",4.16,number
XRX,EPS Excl. Excep/GW Low,IQ_EPS_EXCL_LOW_GUIDANCE,FY2015,3.8,"CIQ(""XRX"",""IQ_EPS_EXCL_LOW_GUIDANCE"",""FY2015"")",3.8,number
XRX,EPS Excl. Excep/GW Low,IQ_EPS_EXCL_LOW_GUIDANCE,FY2016,4.44,"CIQ(""XRX"",""IQ_EPS_EXCL_LOW_GUIDANCE"",""FY2016"")",4.44,number
XRX,EPS Excl. Excep/GW Low,IQ_EPS_EXCL_LOW_GUIDANCE,FY2017,3.28,"CIQ(""XRX"",""IQ_EPS_EXCL_LOW_GUIDANCE"",""FY2017"")",3.28,number
XRX,EPS Excl. Excep/GW Low,IQ_EPS_EXCL_LOW_GUIDANCE,FY2018,3.5,"CIQ(""XRX"",""IQ_EPS_EXCL_LOW_GUIDANCE"",""FY2018"")",3.5,number
XRX,EPS Excl. Excep/GW Low,IQ_EPS_EXCL_LOW_GUIDANCE,FY2019,3.3,"CIQ(""XRX"",""IQ_EPS_EXCL_LOW_GUIDANCE"",""FY2019"")",3.3,number
XRX,Revenue (point),IQ_REVENUE_GUIDANCE,FY2014,0,"CIQ(""XRX"",""IQ_REVENUE_GUIDANCE"",""FY2014"")",,zero_as_na
XRX,Revenue (point),IQ_REVENUE_GUIDANCE,FY2015,18953.8,"CIQ(""XRX"",""IQ_REVENUE_GUIDANCE"",""FY2015"")",18953.8,number
XRX,Revenue (point),IQ_REVENUE_GUIDANCE,FY2016,0,"CIQ(""XRX"",""IQ_REVENUE_GUIDANCE"",""FY2016"")",,zero_as_na
XRX,Revenue (point),IQ_REVENUE_GUIDANCE,FY2017,9909.32 - 10124.74,"CIQ(""XRX"",""IQ_REVENUE_GUIDANCE"",""FY2017"")",10017.029999999999,range
XRX,Revenue (point),IQ_REVENUE_GUIDANCE,FY2018,0,"CIQ(""XRX"",""IQ_REVENUE_GUIDANCE"",""FY2018"")",,zero_as_na
XRX,Revenue (point),IQ_REVENUE_GUIDANCE,FY2019,9050,"CIQ(""XRX"",""IQ_REVENUE_GUIDANCE"",""FY2019"")",9050.0,number
XRX,Revenue High,IQ_REVENUE_HIGH_GUIDANCE,FY2014,0,"CIQ(""XRX"",""IQ_REVENUE_HIGH_GUIDANCE"",""FY2014"")",,zero_as_na
XRX,Revenue High,IQ_REVENUE_HIGH_GUIDANCE,FY2015,18953.8,"CIQ(""XRX"",""IQ_REVENUE_HIGH_GUIDANCE"",""FY2015"")",18953.8,number
XRX,Revenue High,IQ_REVENUE_HIGH_GUIDANCE,FY2016,0,"CIQ(""XRX"",""IQ_REVENUE_HIGH_GUIDANCE"",""FY2016"")",,zero_as_na
XRX,Revenue High,IQ_REVENUE_HIGH_GUIDANCE,FY2017,10124.74,"CIQ(""XRX"",""IQ_REVENUE_HIGH_GUIDANCE"",""FY2017"")",10124.74,number
XRX,Revenue High,IQ_REVENUE_HIGH_GUIDANCE,FY2018,0,"CIQ(""XRX"",""IQ_REVENUE_HIGH_GUIDANCE"",""FY2018"")",,zero_as_na
XRX,Revenue High,IQ_REVENUE_HIGH_GUIDANCE,FY2019,9050,"CIQ(""XRX"",""IQ_REVENUE_HIGH_GUIDANCE"",""FY2019"")",9050.0,number
XRX,Revenue Low,IQ_REVENUE_LOW_GUIDANCE,FY2014,0,"CIQ(""XRX"",""IQ_REVENUE_LOW_GUIDANCE"",""FY2014"")",,zero_as_na
XRX,Revenue Low,IQ_REVENUE_LOW_GUIDANCE,FY2015,18953.8,"CIQ(""XRX"",""IQ_REVENUE_LOW_GUIDANCE"",""FY2015"")",18953.8,number
XRX,Revenue Low,IQ_REVENUE_LOW_GUIDANCE,FY2016,0,"CIQ(""XRX"",""IQ_REVENUE_LOW_GUIDANCE"",""FY2016"")",,zero_as_na
XRX,Revenue Low,IQ_REVENUE_LOW_GUIDANCE,FY2017,9909.32,"CIQ(""XRX"",""IQ_REVENUE_LOW_GUIDANCE"",""FY2017"")",9909.32,number
XRX,Revenue Low,IQ_REVENUE_LOW_GUIDANCE,FY2018,0,"CIQ(""XRX"",""IQ_REVENUE_LOW_GUIDANCE"",""FY2018"")",,zero_as_na
XRX,Revenue Low,IQ_REVENUE_LOW_GUIDANCE,FY2019,9050,"CIQ(""XRX"",""IQ_REVENUE_LOW_GUIDANCE"",""FY2019"")",9050.0,number
XRX,EBITDA (point),IQ_EBITDA_GUIDANCE,FY2014,0,"CIQ(""XRX"",""IQ_EBITDA_GUIDANCE"",""FY2014"")",,zero_as_na
XRX,EBITDA (point),IQ_EBITDA_GUIDANCE,FY2015,0,"CIQ(""XRX"",""IQ_EBITDA_GUIDANCE"",""FY2015"")",,zero_as_na
XRX,EBITDA (point),IQ_EBITDA_GUIDANCE,FY2016,0,"CIQ(""XRX"",""IQ_EBITDA_GUIDANCE"",""FY2016"")",,zero_as_na
XRX,EBITDA (point),IQ_EBITDA_GUIDANCE,FY2017,0,"CIQ(""XRX"",""IQ_EBITDA_GUIDANCE"",""FY2017"")",,zero_as_na
XRX,EBITDA (point),IQ_EBITDA_GUIDANCE,FY2018,0,"CIQ(""XRX"",""IQ_EBITDA_GUIDANCE"",""FY2018"")",,zero_as_na
XRX,EBITDA (point),IQ_EBITDA_GUIDANCE,FY2019,0,"CIQ(""XRX"",""IQ_EBITDA_GUIDANCE"",""FY2019"")",,zero_as_na
XYL,EPS Excl. Excep/GW (point),IQ_EPS_EXCL_GUIDANCE,FY2014,1.92 - 1.98,"CIQ(""XYL"",""IQ_EPS_EXCL_GUIDANCE"",""FY2014"")",1.95,range
XYL,EPS Excl. Excep/GW (point),IQ_EPS_EXCL_GUIDANCE,FY2015,1.82 - 1.87,"CIQ(""XYL"",""IQ_EPS_EXCL_GUIDANCE"",""FY2015"")",1.8450000000000002,range
XYL,EPS Excl. Excep/GW (point),IQ_EPS_EXCL_GUIDANCE,FY2016,2.02 - 2.04,"CIQ(""XYL"",""IQ_EPS_EXCL_GUIDANCE"",""FY2016"")",2.0300000000000002,range
XYL,EPS Excl. Excep/GW (point),IQ_EPS_EXCL_GUIDANCE,FY2017,2.39 - 2.41,"CIQ(""XYL"",""IQ_EPS_EXCL_GUIDANCE"",""FY2017"")",2.4000000000000004,range
XYL,EPS Excl. Excep/GW (point),IQ_EPS_EXCL_GUIDANCE,FY2018,2.87 - 2.89,"CIQ(""XYL"",""IQ_EPS_EXCL_GUIDANCE"",""FY2018"")",2.88,range
XYL,EPS Excl. Excep/GW (point),IQ_EPS_EXCL_GUIDANCE,FY2019,3.01 - 3.03,"CIQ(""XYL"",""IQ_EPS_EXCL_GUIDANCE"",""FY2019"")",3.0199999999999996,range
XYL,EPS Excl. Excep/GW High,IQ_EPS_EXCL_HIGH_GUIDANCE,FY2014,1.98,"CIQ(""XYL"",""IQ_EPS_EXCL_HIGH_GUIDANCE"",""FY2014"")",1.98,number
XYL,EPS Excl. Excep/GW High,IQ_EPS_EXCL_HIGH_GUIDANCE,FY2015,1.87,"CIQ(""XYL"",""IQ_EPS_EXCL_HIGH_GUIDANCE"",""FY2015"")",1.87,number
XYL,EPS Excl. Excep/GW High,IQ_EPS_EXCL_HIGH_GUIDANCE,FY2016,2.04,"CIQ(""XYL"",""IQ_EPS_EXCL_HIGH_GUIDANCE"",""FY2016"")",2.04,number
XYL,EPS Excl. Excep/GW High,IQ_EPS_EXCL_HIGH_GUIDANCE,FY2017,2.41,"CIQ(""XYL"",""IQ_EPS_EXCL_HIGH_GUIDANCE"",""FY2017"")",2.41,number
XYL,EPS Excl. Excep/GW High,IQ_EPS_EXCL_HIGH_GUIDANCE,FY2018,2.89,"CIQ(""XYL"",""IQ_EPS_EXCL_HIGH_GUIDANCE"",""FY2018"")",2.89,number
XYL,EPS Excl. Excep/GW High,IQ_EPS_EXCL_HIGH_GUIDANCE,FY2019,3.03,"CIQ(""XYL"",""IQ_EPS_EXCL_HIGH_GUIDANCE"",""FY2019"")",3.03,number
XYL,EPS Excl. Excep/GW Low,IQ_EPS_EXCL_LOW_GUIDANCE,FY2014,1.92,"CIQ(""XYL"",""IQ_EPS_EXCL_LOW_GUIDANCE"",""FY2014"")",1.92,number
XYL,EPS Excl. Excep/GW Low,IQ_EPS_EXCL_LOW_GUIDANCE,FY2015,1.82,"CIQ(""XYL"",""IQ_EPS_EXCL_LOW_GUIDANCE"",""FY2015"")",1.82,number
XYL,EPS Excl. Excep/GW Low,IQ_EPS_EXCL_LOW_GUIDANCE,FY2016,2.02,"CIQ(""XYL"",""IQ_EPS_EXCL_LOW_GUIDANCE"",""FY2016"")",2.02,number
XYL,EPS Excl. Excep/GW Low,IQ_EPS_EXCL_LOW_GUIDANCE,FY2017,2.39,"CIQ(""XYL"",""IQ_EPS_EXCL_LOW_GUIDANCE"",""FY2017"")",2.39,number
XYL,EPS Excl. Excep/GW Low,IQ_EPS_EXCL_LOW_GUIDANCE,FY2018,2.87,"CIQ(""XYL"",""IQ_EPS_EXCL_LOW_GUIDANCE"",""FY2018"")",2.87,number
XYL,EPS Excl. Excep/GW Low,IQ_EPS_EXCL_LOW_GUIDANCE,FY2019,3.01,"CIQ(""XYL"",""IQ_EPS_EXCL_LOW_GUIDANCE"",""FY2019"")",3.01,number
XYL,Revenue (point),IQ_REVENUE_GUIDANCE,FY2014,4000,"CIQ(""XYL"",""IQ_REVENUE_GUIDANCE"",""FY2014"")",4000.0,number
XYL,Revenue (point),IQ_REVENUE_GUIDANCE,FY2015,3700,"CIQ(""XYL"",""IQ_REVENUE_GUIDANCE"",""FY2015"")",3700.0,number
XYL,Revenue (point),IQ_REVENUE_GUIDANCE,FY2016,3800,"CIQ(""XYL"",""IQ_REVENUE_GUIDANCE"",""FY2016"")",3800.0,number
XYL,Revenue (point),IQ_REVENUE_GUIDANCE,FY2017,4700,"CIQ(""XYL"",""IQ_REVENUE_GUIDANCE"",""FY2017"")",4700.0,number
XYL,Revenue (point),IQ_REVENUE_GUIDANCE,FY2018,5200,"CIQ(""XYL"",""IQ_REVENUE_GUIDANCE"",""FY2018"")",5200.0,number
XYL,Revenue (point),IQ_REVENUE_GUIDANCE,FY2019,5240.00 - 5270.00,"CIQ(""XYL"",""IQ_REVENUE_GUIDANCE"",""FY2019"")",5255.0,range
XYL,Revenue High,IQ_REVENUE_HIGH_GUIDANCE,FY2014,4000,"CIQ(""XYL"",""IQ_REVENUE_HIGH_GUIDANCE"",""FY2014"")",4000.0,number
XYL,Revenue High,IQ_REVENUE_HIGH_GUIDANCE,FY2015,3700,"CIQ(""XYL"",""IQ_REVENUE_HIGH_GUIDANCE"",""FY2015"")",3700.0,number
XYL,Revenue High,IQ_REVENUE_HIGH_GUIDANCE,FY2016,3800,"CIQ(""XYL"",""IQ_REVENUE_HIGH_GUIDANCE"",""FY2016"")",3800.0,number
XYL,Revenue High,IQ_REVENUE_HIGH_GUIDANCE,FY2017,4700,"CIQ(""XYL"",""IQ_REVENUE_HIGH_GUIDANCE"",""FY2017"")",4700.0,number
XYL,Revenue High,IQ_REVENUE_HIGH_GUIDANCE,FY2018,5200,"CIQ(""XYL"",""IQ_REVENUE_HIGH_GUIDANCE"",""FY2018"")",5200.0,number
XYL,Revenue High,IQ_REVENUE_HIGH_GUIDANCE,FY2019,5270,"CIQ(""XYL"",""IQ_REVENUE_HIGH_GUIDANCE"",""FY2019"")",5270.0,number
XYL,Revenue Low,IQ_REVENUE_LOW_GUIDANCE,FY2014,4000,"CIQ(""XYL"",""IQ_REVENUE_LOW_GUIDANCE"",""FY2014"")",4000.0,number
XYL,Revenue Low,IQ_REVENUE_LOW_GUIDANCE,FY2015,3700,"CIQ(""XYL"",""IQ_REVENUE_LOW_GUIDANCE"",""FY2015"")",3700.0,number
XYL,Revenue Low,IQ_REVENUE_LOW_GUIDANCE,FY2016,3800,"CIQ(""XYL"",""IQ_REVENUE_LOW_GUIDANCE"",""FY2016"")",3800.0,number
XYL,Revenue Low,IQ_REVENUE_LOW_GUIDANCE,FY2017,4700,"CIQ(""XYL"",""IQ_REVENUE_LOW_GUIDANCE"",""FY2017"")",4700.0,number
XYL,Revenue Low,IQ_REVENUE_LOW_GUIDANCE,FY2018,5200,"CIQ(""XYL"",""IQ_REVENUE_LOW_GUIDANCE"",""FY2018"")",5200.0,number
XYL,Revenue Low,IQ_REVENUE_LOW_GUIDANCE,FY2019,5240,"CIQ(""XYL"",""IQ_REVENUE_LOW_GUIDANCE"",""FY2019"")",5240.0,number
XYL,EBITDA (point),IQ_EBITDA_GUIDANCE,FY2014,0,"CIQ(""XYL"",""IQ_EBITDA_GUIDANCE"",""FY2014"")",,zero_as_na
XYL,EBITDA (point),IQ_EBITDA_GUIDANCE,FY2015,0,"CIQ(""XYL"",""IQ_EBITDA_GUIDANCE"",""FY2015"")",,zero_as_na
XYL,EBITDA (point),IQ_EBITDA_GUIDANCE,FY2016,0,"CIQ(""XYL"",""IQ_EBITDA_GUIDANCE"",""FY2016"")",,zero_as_na
XYL,EBITDA (point),IQ_EBITDA_GUIDANCE,FY2017,0,"CIQ(""XYL"",""IQ_EBITDA_GUIDANCE"",""FY2017"")",,zero_as_na
XYL,EBITDA (point),IQ_EBITDA_GUIDANCE,FY2018,1029.60 - 1040.00,"CIQ(""XYL"",""IQ_EBITDA_GUIDANCE"",""FY2018"")",1034.8,range
XYL,EBITDA (point),IQ_EBITDA_GUIDANCE,FY2019,1027.00 - 1038.20,"CIQ(""XYL"",""IQ_EBITDA_GUIDANCE"",""FY2019"")",1032.6,range
YUM,EPS Excl. Excep/GW (point),IQ_EPS_EXCL_GUIDANCE,FY2014,3.09 - 3.15,"CIQ(""YUM"",""IQ_EPS_EXCL_GUIDANCE"",""FY2014"")",3.12,range
YUM,EPS Excl. Excep/GW (point),IQ_EPS_EXCL_GUIDANCE,FY2015,3.12 - 3.18,"CIQ(""YUM"",""IQ_EPS_EXCL_GUIDANCE"",""FY2015"")",3.1500000000000004,range
YUM,EPS Excl. Excep/GW (point),IQ_EPS_EXCL_GUIDANCE,FY2016,0,"CIQ(""YUM"",""IQ_EPS_EXCL_GUIDANCE"",""FY2016"")",,zero_as_na
YUM,EPS Excl. Excep/GW (point),IQ_EPS_EXCL_GUIDANCE,FY2017,0,"CIQ(""YUM"",""IQ_EPS_EXCL_GUIDANCE"",""FY2017"")",,zero_as_na
YUM,EPS Excl. Excep/GW (point),IQ_EPS_EXCL_GUIDANCE,FY2018,0,"CIQ(""YUM"",""IQ_EPS_EXCL_GUIDANCE"",""FY2018"")",,zero_as_na
YUM,EPS Excl. Excep/GW (point),IQ_EPS_EXCL_GUIDANCE,FY2019, > 3.75,"CIQ(""YUM"",""IQ_EPS_EXCL_GUIDANCE"",""FY2019"")",3.75,bound
YUM,EPS Excl. Excep/GW High,IQ_EPS_EXCL_HIGH_GUIDANCE,FY2014,3.1482,"CIQ(""YUM"",""IQ_EPS_EXCL_HIGH_GUIDANCE"",""FY2014"")",3.1482,number
YUM,EPS Excl. Excep/GW High,IQ_EPS_EXCL_HIGH_GUIDANCE,FY2015,3.18,"CIQ(""YUM"",""IQ_EPS_EXCL_HIGH_GUIDANCE"",""FY2015"")",3.18,number
YUM,EPS Excl. Excep/GW High,IQ_EPS_EXCL_HIGH_GUIDANCE,FY2016,0,"CIQ(""YUM"",""IQ_EPS_EXCL_HIGH_GUIDANCE"",""FY2016"")",,zero_as_na
YUM,EPS Excl. Excep/GW High,IQ_EPS_EXCL_HIGH_GUIDANCE,FY2017,0,"CIQ(""YUM"",""IQ_EPS_EXCL_HIGH_GUIDANCE"",""FY2017"")",,zero_as_na
YUM,EPS Excl. Excep/GW High,IQ_EPS_EXCL_HIGH_GUIDANCE,FY2018,0,"CIQ(""YUM"",""IQ_EPS_EXCL_HIGH_GUIDANCE"",""FY2018"")",,zero_as_na
YUM,EPS Excl. Excep/GW High,IQ_EPS_EXCL_HIGH_GUIDANCE,FY2019,0,"CIQ(""YUM"",""IQ_EPS_EXCL_HIGH_GUIDANCE"",""FY2019"")",,zero_as_na
YUM,EPS Excl. Excep/GW Low,IQ_EPS_EXCL_LOW_GUIDANCE,FY2014,3.0888,"CIQ(""YUM"",""IQ_EPS_EXCL_LOW_GUIDANCE"",""FY2014"")",3.0888,number
YUM,EPS Excl. Excep/GW Low,IQ_EPS_EXCL_LOW_GUIDANCE,FY2015,3.12,"CIQ(""YUM"",""IQ_EPS_EXCL_LOW_GUIDANCE"",""FY2015"")",3.12,number
YUM,EPS Excl. Excep/GW Low,IQ_EPS_EXCL_LOW_GUIDANCE,FY2016,0,"CIQ(""YUM"",""IQ_EPS_EXCL_LOW_GUIDANCE"",""FY2016"")",,zero_as_na
YUM,EPS Excl. Excep/GW Low,IQ_EPS_EXCL_LOW_GUIDANCE,FY2017,0,"CIQ(""YUM"",""IQ_EPS_EXCL_LOW_GUIDANCE"",""FY2017"")",,zero_as_na
YUM,EPS Excl. Excep/GW Low,IQ_EPS_EXCL_LOW_GUIDANCE,FY2018,0,"CIQ(""YUM"",""IQ_EPS_EXCL_LOW_GUIDANCE"",""FY2018"")",,zero_as_na
YUM,EPS Excl. Excep/GW Low,IQ_EPS_EXCL_LOW_GUIDANCE,FY2019,3.75,"CIQ(""YUM"",""IQ_EPS_EXCL_LOW_GUIDANCE"",""FY2019"")",3.75,number
YUM,Revenue (point),IQ_REVENUE_GUIDANCE,FY2014,0,"CIQ(""YUM"",""IQ_REVENUE_GUIDANCE"",""FY2014"")",,zero_as_na
YUM,Revenue (point),IQ_REVENUE_GUIDANCE,FY2015,0,"CIQ(""YUM"",""IQ_REVENUE_GUIDANCE"",""FY2015"")",,zero_as_na
YUM,Revenue (point),IQ_REVENUE_GUIDANCE,FY2016,0,"CIQ(""YUM"",""IQ_REVENUE_GUIDANCE"",""FY2016"")",,zero_as_na
YUM,Revenue (point),IQ_REVENUE_GUIDANCE,FY2017,0,"CIQ(""YUM"",""IQ_REVENUE_GUIDANCE"",""FY2017"")",,zero_as_na
YUM,Revenue (point),IQ_REVENUE_GUIDANCE,FY2018,0,"CIQ(""YUM"",""IQ_REVENUE_GUIDANCE"",""FY2018"")",,zero_as_na
YUM,Revenue (point),IQ_REVENUE_GUIDANCE,FY2019,0,"CIQ(""YUM"",""IQ_REVENUE_GUIDANCE"",""FY2019"")",,zero_as_na
YUM,Revenue High,IQ_REVENUE_HIGH_GUIDANCE,FY2014,0,"CIQ(""YUM"",""IQ_REVENUE_HIGH_GUIDANCE"",""FY2014"")",,zero_as_na
YUM,Revenue High,IQ_REVENUE_HIGH_GUIDANCE,FY2015,0,"CIQ(""YUM"",""IQ_REVENUE_HIGH_GUIDANCE"",""FY2015"")",,zero_as_na
YUM,Revenue High,IQ_REVENUE_HIGH_GUIDANCE,FY2016,0,"CIQ(""YUM"",""IQ_REVENUE_HIGH_GUIDANCE"",""FY2016"")",,zero_as_na
YUM,Revenue High,IQ_REVENUE_HIGH_GUIDANCE,FY2017,0,"CIQ(""YUM"",""IQ_REVENUE_HIGH_GUIDANCE"",""FY2017"")",,zero_as_na
YUM,Revenue High,IQ_REVENUE_HIGH_GUIDANCE,FY2018,0,"CIQ(""YUM"",""IQ_REVENUE_HIGH_GUIDANCE"",""FY2018"")",,zero_as_na
YUM,Revenue High,IQ_REVENUE_HIGH_GUIDANCE,FY2019,0,"CIQ(""YUM"",""IQ_REVENUE_HIGH_GUIDANCE"",""FY2019"")",,zero_as_na
YUM,Revenue Low,IQ_REVENUE_LOW_GUIDANCE,FY2014,0,"CIQ(""YUM"",""IQ_REVENUE_LOW_GUIDANCE"",""FY2014"")",,zero_as_na
YUM,Revenue Low,IQ_REVENUE_LOW_GUIDANCE,FY2015,0,"CIQ(""YUM"",""IQ_REVENUE_LOW_GUIDANCE"",""FY2015"")",,zero_as_na
YUM,Revenue Low,IQ_REVENUE_LOW_GUIDANCE,FY2016,0,"CIQ(""YUM"",""IQ_REVENUE_LOW_GUIDANCE"",""FY2016"")",,zero_as_na
YUM,Revenue Low,IQ_REVENUE_LOW_GUIDANCE,FY2017,0,"CIQ(""YUM"",""IQ_REVENUE_LOW_GUIDANCE"",""FY2017"")",,zero_as_na
YUM,Revenue Low,IQ_REVENUE_LOW_GUIDANCE,FY2018,0,"CIQ(""YUM"",""IQ_REVENUE_LOW_GUIDANCE"",""FY2018"")",,zero_as_na
YUM,Revenue Low,IQ_REVENUE_LOW_GUIDANCE,FY2019,0,"CIQ(""YUM"",""IQ_REVENUE_LOW_GUIDANCE"",""FY2019"")",,zero_as_na
YUM,EBITDA (point),IQ_EBITDA_GUIDANCE,FY2014,0,"CIQ(""YUM"",""IQ_EBITDA_GUIDANCE"",""FY2014"")",,zero_as_na
YUM,EBITDA (point),IQ_EBITDA_GUIDANCE,FY2015,0,"CIQ(""YUM"",""IQ_EBITDA_GUIDANCE"",""FY2015"")",,zero_as_na
YUM,EBITDA (point),IQ_EBITDA_GUIDANCE,FY2016,0,"CIQ(""YUM"",""IQ_EBITDA_GUIDANCE"",""FY2016"")",,zero_as_na
YUM,EBITDA (point),IQ_EBITDA_GUIDANCE,FY2017,0,"CIQ(""YUM"",""IQ_EBITDA_GUIDANCE"",""FY2017"")",,zero_as_na
YUM,EBITDA (point),IQ_EBITDA_GUIDANCE,FY2018,0,"CIQ(""YUM"",""IQ_EBITDA_GUIDANCE"",""FY2018"")",,zero_as_na
YUM,EBITDA (point),IQ_EBITDA_GUIDANCE,FY2019,0,"CIQ(""YUM"",""IQ_EBITDA_GUIDANCE"",""FY2019"")",,zero_as_na
ZBH,EPS Excl. Excep/GW (point),IQ_EPS_EXCL_GUIDANCE,FY2014,6.05,"CIQ(""ZBH"",""IQ_EPS_EXCL_GUIDANCE"",""FY2014"")",6.05,number
ZBH,EPS Excl. Excep/GW (point),IQ_EPS_EXCL_GUIDANCE,FY2015,6.83 - 6.87,"CIQ(""ZBH"",""IQ_EPS_EXCL_GUIDANCE"",""FY2015"")",6.85,range
ZBH,EPS Excl. Excep/GW (point),IQ_EPS_EXCL_GUIDANCE,FY2016,7.95,"CIQ(""ZBH"",""IQ_EPS_EXCL_GUIDANCE"",""FY2016"")",7.95,number
ZBH,EPS Excl. Excep/GW (point),IQ_EPS_EXCL_GUIDANCE,FY2017,8.01 - 8.07,"CIQ(""ZBH"",""IQ_EPS_EXCL_GUIDANCE"",""FY2017"")",8.04,range
ZBH,EPS Excl. Excep/GW (point),IQ_EPS_EXCL_GUIDANCE,FY2018,7.60 - 7.80,"CIQ(""ZBH"",""IQ_EPS_EXCL_GUIDANCE"",""FY2018"")",7.699999999999999,range
ZBH,EPS Excl. Excep/GW (point),IQ_EPS_EXCL_GUIDANCE,FY2019,7.75 - 7.90,"CIQ(""ZBH"",""IQ_EPS_EXCL_GUIDANCE"",""FY2019"")",7.825,range
ZBH,EPS Excl. Excep/GW High,IQ_EPS_EXCL_HIGH_GUIDANCE,FY2014,6.05,"CIQ(""ZBH"",""IQ_EPS_EXCL_HIGH_GUIDANCE"",""FY2014"")",6.05,number
ZBH,EPS Excl. Excep/GW High,IQ_EPS_EXCL_HIGH_GUIDANCE,FY2015,6.87,"CIQ(""ZBH"",""IQ_EPS_EXCL_HIGH_GUIDANCE"",""FY2015"")",6.87,number
ZBH,EPS Excl. Excep/GW High,IQ_EPS_EXCL_HIGH_GUIDANCE,FY2016,7.95,"CIQ(""ZBH"",""IQ_EPS_EXCL_HIGH_GUIDANCE"",""FY2016"")",7.95,number
ZBH,EPS Excl. Excep/GW High,IQ_EPS_EXCL_HIGH_GUIDANCE,FY2017,8.07,"CIQ(""ZBH"",""IQ_EPS_EXCL_HIGH_GUIDANCE"",""FY2017"")",8.07,number
ZBH,EPS Excl. Excep/GW High,IQ_EPS_EXCL_HIGH_GUIDANCE,FY2018,7.8,"CIQ(""ZBH"",""IQ_EPS_EXCL_HIGH_GUIDANCE"",""FY2018"")",7.8,number
ZBH,EPS Excl. Excep/GW High,IQ_EPS_EXCL_HIGH_GUIDANCE,FY2019,7.9,"CIQ(""ZBH"",""IQ_EPS_EXCL_HIGH_GUIDANCE"",""FY2019"")",7.9,number
ZBH,EPS Excl. Excep/GW Low,IQ_EPS_EXCL_LOW_GUIDANCE,FY2014,6.05,"CIQ(""ZBH"",""IQ_EPS_EXCL_LOW_GUIDANCE"",""FY2014"")",6.05,number
ZBH,EPS Excl. Excep/GW Low,IQ_EPS_EXCL_LOW_GUIDANCE,FY2015,6.83,"CIQ(""ZBH"",""IQ_EPS_EXCL_LOW_GUIDANCE"",""FY2015"")",6.83,number
ZBH,EPS Excl. Excep/GW Low,IQ_EPS_EXCL_LOW_GUIDANCE,FY2016,7.95,"CIQ(""ZBH"",""IQ_EPS_EXCL_LOW_GUIDANCE"",""FY2016"")",7.95,number
ZBH,EPS Excl. Excep/GW Low,IQ_EPS_EXCL_LOW_GUIDANCE,FY2017,8.01,"CIQ(""ZBH"",""IQ_EPS_EXCL_LOW_GUIDANCE"",""FY2017"")",8.01,number
ZBH,EPS Excl. Excep/GW Low,IQ_EPS_EXCL_LOW_GUIDANCE,FY2018,7.6,"CIQ(""ZBH"",""IQ_EPS_EXCL_LOW_GUIDANCE"",""FY2018"")",7.6,number
ZBH,EPS Excl. Excep/GW Low,IQ_EPS_EXCL_LOW_GUIDANCE,FY2019,7.75,"CIQ(""ZBH"",""IQ_EPS_EXCL_LOW_GUIDANCE"",""FY2019"")",7.75,number
ZBH,Revenue (point),IQ_REVENUE_GUIDANCE,FY2014, > 4692.75,"CIQ(""ZBH"",""IQ_REVENUE_GUIDANCE"",""FY2014"")",4692.75,bound
ZBH,Revenue (point),IQ_REVENUE_GUIDANCE,FY2015,4451.32 - 4474.68,"CIQ(""ZBH"",""IQ_REVENUE_GUIDANCE"",""FY2015"")",4463.0,range
ZBH,Revenue (point),IQ_REVENUE_GUIDANCE,FY2016,7684,"CIQ(""ZBH"",""IQ_REVENUE_GUIDANCE"",""FY2016"")",7684.0,number
ZBH,Revenue (point),IQ_REVENUE_GUIDANCE,FY2017,7760.00 - 7800.00,"CIQ(""ZBH"",""IQ_REVENUE_GUIDANCE"",""FY2017"")",7780.0,range
ZBH,Revenue (point),IQ_REVENUE_GUIDANCE,FY2018, < 7902.34,"CIQ(""ZBH"",""IQ_REVENUE_GUIDANCE"",""FY2018"")",7902.34,bound
ZBH,Revenue (point),IQ_REVENUE_GUIDANCE,FY2019,7932.90 - 7972.56,"CIQ(""ZBH"",""IQ_REVENUE_GUIDANCE"",""FY2019"")",7952.73,range
ZBH,Revenue High,IQ_REVENUE_HIGH_GUIDANCE,FY2014,0,"CIQ(""ZBH"",""IQ_REVENUE_HIGH_GUIDANCE"",""FY2014"")",,zero_as_na
ZBH,Revenue High,IQ_REVENUE_HIGH_GUIDANCE,FY2015,4474.6848,"CIQ(""ZBH"",""IQ_REVENUE_HIGH_GUIDANCE"",""FY2015"")",4474.6848,number
ZBH,Revenue High,IQ_REVENUE_HIGH_GUIDANCE,FY2016,7684,"CIQ(""ZBH"",""IQ_REVENUE_HIGH_GUIDANCE"",""FY2016"")",7684.0,number
ZBH,Revenue High,IQ_REVENUE_HIGH_GUIDANCE,FY2017,7800,"CIQ(""ZBH"",""IQ_REVENUE_HIGH_GUIDANCE"",""FY2017"")",7800.0,number
ZBH,Revenue High,IQ_REVENUE_HIGH_GUIDANCE,FY2018,7902.341,"CIQ(""ZBH"",""IQ_REVENUE_HIGH_GUIDANCE"",""FY2018"")",7902.341,number
ZBH,Revenue High,IQ_REVENUE_HIGH_GUIDANCE,FY2019,7972.5645,"CIQ(""ZBH"",""IQ_REVENUE_HIGH_GUIDANCE"",""FY2019"")",7972.5645,number
ZBH,Revenue Low,IQ_REVENUE_LOW_GUIDANCE,FY2014,4692.751,"CIQ(""ZBH"",""IQ_REVENUE_LOW_GUIDANCE"",""FY2014"")",4692.751,number
ZBH,Revenue Low,IQ_REVENUE_LOW_GUIDANCE,FY2015,4451.3183,"CIQ(""ZBH"",""IQ_REVENUE_LOW_GUIDANCE"",""FY2015"")",4451.3183,number
ZBH,Revenue Low,IQ_REVENUE_LOW_GUIDANCE,FY2016,7684,"CIQ(""ZBH"",""IQ_REVENUE_LOW_GUIDANCE"",""FY2016"")",7684.0,number
ZBH,Revenue Low,IQ_REVENUE_LOW_GUIDANCE,FY2017,7760,"CIQ(""ZBH"",""IQ_REVENUE_LOW_GUIDANCE"",""FY2017"")",7760.0,number
ZBH,Revenue Low,IQ_REVENUE_LOW_GUIDANCE,FY2018,0,"CIQ(""ZBH"",""IQ_REVENUE_LOW_GUIDANCE"",""FY2018"")",,zero_as_na
ZBH,Revenue Low,IQ_REVENUE_LOW_GUIDANCE,FY2019,7932.9,"CIQ(""ZBH"",""IQ_REVENUE_LOW_GUIDANCE"",""FY2019"")",7932.9,number
ZBH,EBITDA (point),IQ_EBITDA_GUIDANCE,FY2014,0,"CIQ(""ZBH"",""IQ_EBITDA_GUIDANCE"",""FY2014"")",,zero_as_na
ZBH,EBITDA (point),IQ_EBITDA_GUIDANCE,FY2015,0,"CIQ(""ZBH"",""IQ_EBITDA_GUIDANCE"",""FY2015"")",,zero_as_na
ZBH,EBITDA (point),IQ_EBITDA_GUIDANCE,FY2016,0,"CIQ(""ZBH"",""IQ_EBITDA_GUIDANCE"",""FY2016"")",,zero_as_na
ZBH,EBITDA (point),IQ_EBITDA_GUIDANCE,FY2017,0,"CIQ(""ZBH"",""IQ_EBITDA_GUIDANCE"",""FY2017"")",,zero_as_na
ZBH,EBITDA (point),IQ_EBITDA_GUIDANCE,FY2018,0,"CIQ(""ZBH"",""IQ_EBITDA_GUIDANCE"",""FY2018"")",,zero_as_na
ZBH,EBITDA (point),IQ_EBITDA_GUIDANCE,FY2019,0,"CIQ(""ZBH"",""IQ_EBITDA_GUIDANCE"",""FY2019"")",,zero_as_na
ZBRA,EPS Excl. Excep/GW (point),IQ_EPS_EXCL_GUIDANCE,FY2014,0,"CIQ(""ZBRA"",""IQ_EPS_EXCL_GUIDANCE"",""FY2014"")",,zero_as_na
ZBRA,EPS Excl. Excep/GW (point),IQ_EPS_EXCL_GUIDANCE,FY2015,0,"CIQ(""ZBRA"",""IQ_EPS_EXCL_GUIDANCE"",""FY2015"")",,zero_as_na
ZBRA,EPS Excl. Excep/GW (point),IQ_EPS_EXCL_GUIDANCE,FY2016,0,"CIQ(""ZBRA"",""IQ_EPS_EXCL_GUIDANCE"",""FY2016"")",,zero_as_na
ZBRA,EPS Excl. Excep/GW (point),IQ_EPS_EXCL_GUIDANCE,FY2017,0,"CIQ(""ZBRA"",""IQ_EPS_EXCL_GUIDANCE"",""FY2017"")",,zero_as_na
ZBRA,EPS Excl. Excep/GW (point),IQ_EPS_EXCL_GUIDANCE,FY2018,0,"CIQ(""ZBRA"",""IQ_EPS_EXCL_GUIDANCE"",""FY2018"")",,zero_as_na
ZBRA,EPS Excl. Excep/GW (point),IQ_EPS_EXCL_GUIDANCE,FY2019,0,"CIQ(""ZBRA"",""IQ_EPS_EXCL_GUIDANCE"",""FY2019"")",,zero_as_na
ZBRA,EPS Excl. Excep/GW High,IQ_EPS_EXCL_HIGH_GUIDANCE,FY2014,0,"CIQ(""ZBRA"",""IQ_EPS_EXCL_HIGH_GUIDANCE"",""FY2014"")",,zero_as_na
ZBRA,EPS Excl. Excep/GW High,IQ_EPS_EXCL_HIGH_GUIDANCE,FY2015,0,"CIQ(""ZBRA"",""IQ_EPS_EXCL_HIGH_GUIDANCE"",""FY2015"")",,zero_as_na
ZBRA,EPS Excl. Excep/GW High,IQ_EPS_EXCL_HIGH_GUIDANCE,FY2016,0,"CIQ(""ZBRA"",""IQ_EPS_EXCL_HIGH_GUIDANCE"",""FY2016"")",,zero_as_na
ZBRA,EPS Excl. Excep/GW High,IQ_EPS_EXCL_HIGH_GUIDANCE,FY2017,0,"CIQ(""ZBRA"",""IQ_EPS_EXCL_HIGH_GUIDANCE"",""FY2017"")",,zero_as_na
ZBRA,EPS Excl. Excep/GW High,IQ_EPS_EXCL_HIGH_GUIDANCE,FY2018,0,"CIQ(""ZBRA"",""IQ_EPS_EXCL_HIGH_GUIDANCE"",""FY2018"")",,zero_as_na
ZBRA,EPS Excl. Excep/GW High,IQ_EPS_EXCL_HIGH_GUIDANCE,FY2019,0,"CIQ(""ZBRA"",""IQ_EPS_EXCL_HIGH_GUIDANCE"",""FY2019"")",,zero_as_na
ZBRA,EPS Excl. Excep/GW Low,IQ_EPS_EXCL_LOW_GUIDANCE,FY2014,0,"CIQ(""ZBRA"",""IQ_EPS_EXCL_LOW_GUIDANCE"",""FY2014"")",,zero_as_na
ZBRA,EPS Excl. Excep/GW Low,IQ_EPS_EXCL_LOW_GUIDANCE,FY2015,0,"CIQ(""ZBRA"",""IQ_EPS_EXCL_LOW_GUIDANCE"",""FY2015"")",,zero_as_na
ZBRA,EPS Excl. Excep/GW Low,IQ_EPS_EXCL_LOW_GUIDANCE,FY2016,0,"CIQ(""ZBRA"",""IQ_EPS_EXCL_LOW_GUIDANCE"",""FY2016"")",,zero_as_na
ZBRA,EPS Excl. Excep/GW Low,IQ_EPS_EXCL_LOW_GUIDANCE,FY2017,0,"CIQ(""ZBRA"",""IQ_EPS_EXCL_LOW_GUIDANCE"",""FY2017"")",,zero_as_na
ZBRA,EPS Excl. Excep/GW Low,IQ_EPS_EXCL_LOW_GUIDANCE,FY2018,0,"CIQ(""ZBRA"",""IQ_EPS_EXCL_LOW_GUIDANCE"",""FY2018"")",,zero_as_na
ZBRA,EPS Excl. Excep/GW Low,IQ_EPS_EXCL_LOW_GUIDANCE,FY2019,0,"CIQ(""ZBRA"",""IQ_EPS_EXCL_LOW_GUIDANCE"",""FY2019"")",,zero_as_na
ZBRA,Revenue (point),IQ_REVENUE_GUIDANCE,FY2014,0,"CIQ(""ZBRA"",""IQ_REVENUE_GUIDANCE"",""FY2014"")",,zero_as_na
ZBRA,Revenue (point),IQ_REVENUE_GUIDANCE,FY2015,0,"CIQ(""ZBRA"",""IQ_REVENUE_GUIDANCE"",""FY2015"")",,zero_as_na
ZBRA,Revenue (point),IQ_REVENUE_GUIDANCE,FY2016,3557.96 - 3704.68,"CIQ(""ZBRA"",""IQ_REVENUE_GUIDANCE"",""FY2016"")",3631.3199999999997,range
ZBRA,Revenue (point),IQ_REVENUE_GUIDANCE,FY2017,0,"CIQ(""ZBRA"",""IQ_REVENUE_GUIDANCE"",""FY2017"")",,zero_as_na
ZBRA,Revenue (point),IQ_REVENUE_GUIDANCE,FY2018,4094.20 - 4168.64,"CIQ(""ZBRA"",""IQ_REVENUE_GUIDANCE"",""FY2018"")",4131.42,range
ZBRA,Revenue (point),IQ_REVENUE_GUIDANCE,FY2019,4428.90 - 4555.44,"CIQ(""ZBRA"",""IQ_REVENUE_GUIDANCE"",""FY2019"")",4492.17,range
ZBRA,Revenue High,IQ_REVENUE_HIGH_GUIDANCE,FY2014,0,"CIQ(""ZBRA"",""IQ_REVENUE_HIGH_GUIDANCE"",""FY2014"")",,zero_as_na
ZBRA,Revenue High,IQ_REVENUE_HIGH_GUIDANCE,FY2015,0,"CIQ(""ZBRA"",""IQ_REVENUE_HIGH_GUIDANCE"",""FY2015"")",,zero_as_na
ZBRA,Revenue High,IQ_REVENUE_HIGH_GUIDANCE,FY2016,3704.68,"CIQ(""ZBRA"",""IQ_REVENUE_HIGH_GUIDANCE"",""FY2016"")",3704.68,number
ZBRA,Revenue High,IQ_REVENUE_HIGH_GUIDANCE,FY2017,0,"CIQ(""ZBRA"",""IQ_REVENUE_HIGH_GUIDANCE"",""FY2017"")",,zero_as_na
ZBRA,Revenue High,IQ_REVENUE_HIGH_GUIDANCE,FY2018,4168.64,"CIQ(""ZBRA"",""IQ_REVENUE_HIGH_GUIDANCE"",""FY2018"")",4168.64,number
ZBRA,Revenue High,IQ_REVENUE_HIGH_GUIDANCE,FY2019,4555.44,"CIQ(""ZBRA"",""IQ_REVENUE_HIGH_GUIDANCE"",""FY2019"")",4555.44,number
ZBRA,Revenue Low,IQ_REVENUE_LOW_GUIDANCE,FY2014,0,"CIQ(""ZBRA"",""IQ_REVENUE_LOW_GUIDANCE"",""FY2014"")",,zero_as_na
ZBRA,Revenue Low,IQ_REVENUE_LOW_GUIDANCE,FY2015,0,"CIQ(""ZBRA"",""IQ_REVENUE_LOW_GUIDANCE"",""FY2015"")",,zero_as_na
ZBRA,Revenue Low,IQ_REVENUE_LOW_GUIDANCE,FY2016,3557.96,"CIQ(""ZBRA"",""IQ_REVENUE_LOW_GUIDANCE"",""FY2016"")",3557.96,number
ZBRA,Revenue Low,IQ_REVENUE_LOW_GUIDANCE,FY2017,0,"CIQ(""ZBRA"",""IQ_REVENUE_LOW_GUIDANCE"",""FY2017"")",,zero_as_na
ZBRA,Revenue Low,IQ_REVENUE_LOW_GUIDANCE,FY2018,4094.2,"CIQ(""ZBRA"",""IQ_REVENUE_LOW_GUIDANCE"",""FY2018"")",4094.2,number
ZBRA,Revenue Low,IQ_REVENUE_LOW_GUIDANCE,FY2019,4428.9,"CIQ(""ZBRA"",""IQ_REVENUE_LOW_GUIDANCE"",""FY2019"")",4428.9,number
ZBRA,EBITDA (point),IQ_EBITDA_GUIDANCE,FY2014,0,"CIQ(""ZBRA"",""IQ_EBITDA_GUIDANCE"",""FY2014"")",,zero_as_na
ZBRA,EBITDA (point),IQ_EBITDA_GUIDANCE,FY2015,0,"CIQ(""ZBRA"",""IQ_EBITDA_GUIDANCE"",""FY2015"")",,zero_as_na
ZBRA,EBITDA (point),IQ_EBITDA_GUIDANCE,FY2016, > 604.85,"CIQ(""ZBRA"",""IQ_EBITDA_GUIDANCE"",""FY2016"")",604.85,bound
ZBRA,EBITDA (point),IQ_EBITDA_GUIDANCE,FY2017,625.77 - 694.58,"CIQ(""ZBRA"",""IQ_EBITDA_GUIDANCE"",""FY2017"")",660.175,range
ZBRA,EBITDA (point),IQ_EBITDA_GUIDANCE,FY2018,818.84 - 833.73,"CIQ(""ZBRA"",""IQ_EBITDA_GUIDANCE"",""FY2018"")",826.2850000000001,range
ZBRA,EBITDA (point),IQ_EBITDA_GUIDANCE,FY2019,974.36 - 1002.20,"CIQ(""ZBRA"",""IQ_EBITDA_GUIDANCE"",""FY2019"")",988.28,range
ZEUS,EPS Excl. Excep/GW (point),IQ_EPS_EXCL_GUIDANCE,FY2014,0,"CIQ(""ZEUS"",""IQ_EPS_EXCL_GUIDANCE"",""FY2014"")",,zero_as_na
ZEUS,EPS Excl. Excep/GW (point),IQ_EPS_EXCL_GUIDANCE,FY2015,0,"CIQ(""ZEUS"",""IQ_EPS_EXCL_GUIDANCE"",""FY2015"")",,zero_as_na
ZEUS,EPS Excl. Excep/GW (point),IQ_EPS_EXCL_GUIDANCE,FY2016,0,"CIQ(""ZEUS"",""IQ_EPS_EXCL_GUIDANCE"",""FY2016"")",,zero_as_na
ZEUS,EPS Excl. Excep/GW (point),IQ_EPS_EXCL_GUIDANCE,FY2017,0,"CIQ(""ZEUS"",""IQ_EPS_EXCL_GUIDANCE"",""FY2017"")",,zero_as_na
ZEUS,EPS Excl. Excep/GW (point),IQ_EPS_EXCL_GUIDANCE,FY2018,0,"CIQ(""ZEUS"",""IQ_EPS_EXCL_GUIDANCE"",""FY2018"")",,zero_as_na
ZEUS,EPS Excl. Excep/GW (point),IQ_EPS_EXCL_GUIDANCE,FY2019,0,"CIQ(""ZEUS"",""IQ_EPS_EXCL_GUIDANCE"",""FY2019"")",,zero_as_na
ZEUS,EPS Excl. Excep/GW High,IQ_EPS_EXCL_HIGH_GUIDANCE,FY2014,0,"CIQ(""ZEUS"",""IQ_EPS_EXCL_HIGH_GUIDANCE"",""FY2014"")",,zero_as_na
ZEUS,EPS Excl. Excep/GW High,IQ_EPS_EXCL_HIGH_GUIDANCE,FY2015,0,"CIQ(""ZEUS"",""IQ_EPS_EXCL_HIGH_GUIDANCE"",""FY2015"")",,zero_as_na
ZEUS,EPS Excl. Excep/GW High,IQ_EPS_EXCL_HIGH_GUIDANCE,FY2016,0,"CIQ(""ZEUS"",""IQ_EPS_EXCL_HIGH_GUIDANCE"",""FY2016"")",,zero_as_na
ZEUS,EPS Excl. Excep/GW High,IQ_EPS_EXCL_HIGH_GUIDANCE,FY2017,0,"CIQ(""ZEUS"",""IQ_EPS_EXCL_HIGH_GUIDANCE"",""FY2017"")",,zero_as_na
ZEUS,EPS Excl. Excep/GW High,IQ_EPS_EXCL_HIGH_GUIDANCE,FY2018,0,"CIQ(""ZEUS"",""IQ_EPS_EXCL_HIGH_GUIDANCE"",""FY2018"")",,zero_as_na
ZEUS,EPS Excl. Excep/GW High,IQ_EPS_EXCL_HIGH_GUIDANCE,FY2019,0,"CIQ(""ZEUS"",""IQ_EPS_EXCL_HIGH_GUIDANCE"",""FY2019"")",,zero_as_na
ZEUS,EPS Excl. Excep/GW Low,IQ_EPS_EXCL_LOW_GUIDANCE,FY2014,0,"CIQ(""ZEUS"",""IQ_EPS_EXCL_LOW_GUIDANCE"",""FY2014"")",,zero_as_na
ZEUS,EPS Excl. Excep/GW Low,IQ_EPS_EXCL_LOW_GUIDANCE,FY2015,0,"CIQ(""ZEUS"",""IQ_EPS_EXCL_LOW_GUIDANCE"",""FY2015"")",,zero_as_na
ZEUS,EPS Excl. Excep/GW Low,IQ_EPS_EXCL_LOW_GUIDANCE,FY2016,0,"CIQ(""ZEUS"",""IQ_EPS_EXCL_LOW_GUIDANCE"",""FY2016"")",,zero_as_na
ZEUS,EPS Excl. Excep/GW Low,IQ_EPS_EXCL_LOW_GUIDANCE,FY2017,0,"CIQ(""ZEUS"",""IQ_EPS_EXCL_LOW_GUIDANCE"",""FY2017"")",,zero_as_na
ZEUS,EPS Excl. Excep/GW Low,IQ_EPS_EXCL_LOW_GUIDANCE,FY2018,0,"CIQ(""ZEUS"",""IQ_EPS_EXCL_LOW_GUIDANCE"",""FY2018"")",,zero_as_na
ZEUS,EPS Excl. Excep/GW Low,IQ_EPS_EXCL_LOW_GUIDANCE,FY2019,0,"CIQ(""ZEUS"",""IQ_EPS_EXCL_LOW_GUIDANCE"",""FY2019"")",,zero_as_na
ZEUS,Revenue (point),IQ_REVENUE_GUIDANCE,FY2014,0,"CIQ(""ZEUS"",""IQ_REVENUE_GUIDANCE"",""FY2014"")",,zero_as_na
ZEUS,Revenue (point),IQ_REVENUE_GUIDANCE,FY2015,0,"CIQ(""ZEUS"",""IQ_REVENUE_GUIDANCE"",""FY2015"")",,zero_as_na
ZEUS,Revenue (point),IQ_REVENUE_GUIDANCE,FY2016,0,"CIQ(""ZEUS"",""IQ_REVENUE_GUIDANCE"",""FY2016"")",,zero_as_na
ZEUS,Revenue (point),IQ_REVENUE_GUIDANCE,FY2017,0,"CIQ(""ZEUS"",""IQ_REVENUE_GUIDANCE"",""FY2017"")",,zero_as_na
ZEUS,Revenue (point),IQ_REVENUE_GUIDANCE,FY2018,0,"CIQ(""ZEUS"",""IQ_REVENUE_GUIDANCE"",""FY2018"")",,zero_as_na
ZEUS,Revenue (point),IQ_REVENUE_GUIDANCE,FY2019,0,"CIQ(""ZEUS"",""IQ_REVENUE_GUIDANCE"",""FY2019"")",,zero_as_na
ZEUS,Revenue High,IQ_REVENUE_HIGH_GUIDANCE,FY2014,0,"CIQ(""ZEUS"",""IQ_REVENUE_HIGH_GUIDANCE"",""FY2014"")",,zero_as_na
ZEUS,Revenue High,IQ_REVENUE_HIGH_GUIDANCE,FY2015,0,"CIQ(""ZEUS"",""IQ_REVENUE_HIGH_GUIDANCE"",""FY2015"")",,zero_as_na
ZEUS,Revenue High,IQ_REVENUE_HIGH_GUIDANCE,FY2016,0,"CIQ(""ZEUS"",""IQ_REVENUE_HIGH_GUIDANCE"",""FY2016"")",,zero_as_na
ZEUS,Revenue High,IQ_REVENUE_HIGH_GUIDANCE,FY2017,0,"CIQ(""ZEUS"",""IQ_REVENUE_HIGH_GUIDANCE"",""FY2017"")",,zero_as_na
ZEUS,Revenue High,IQ_REVENUE_HIGH_GUIDANCE,FY2018,0,"CIQ(""ZEUS"",""IQ_REVENUE_HIGH_GUIDANCE"",""FY2018"")",,zero_as_na
ZEUS,Revenue High,IQ_REVENUE_HIGH_GUIDANCE,FY2019,0,"CIQ(""ZEUS"",""IQ_REVENUE_HIGH_GUIDANCE"",""FY2019"")",,zero_as_na
ZEUS,Revenue Low,IQ_REVENUE_LOW_GUIDANCE,FY2014,0,"CIQ(""ZEUS"",""IQ_REVENUE_LOW_GUIDANCE"",""FY2014"")",,zero_as_na
ZEUS,Revenue Low,IQ_REVENUE_LOW_GUIDANCE,FY2015,0,"CIQ(""ZEUS"",""IQ_REVENUE_LOW_GUIDANCE"",""FY2015"")",,zero_as_na
ZEUS,Revenue Low,IQ_REVENUE_LOW_GUIDANCE,FY2016,0,"CIQ(""ZEUS"",""IQ_REVENUE_LOW_GUIDANCE"",""FY2016"")",,zero_as_na
ZEUS,Revenue Low,IQ_REVENUE_LOW_GUIDANCE,FY2017,0,"CIQ(""ZEUS"",""IQ_REVENUE_LOW_GUIDANCE"",""FY2017"")",,zero_as_na
ZEUS,Revenue Low,IQ_REVENUE_LOW_GUIDANCE,FY2018,0,"CIQ(""ZEUS"",""IQ_REVENUE_LOW_GUIDANCE"",""FY2018"")",,zero_as_na
ZEUS,Revenue Low,IQ_REVENUE_LOW_GUIDANCE,FY2019,0,"CIQ(""ZEUS"",""IQ_REVENUE_LOW_GUIDANCE"",""FY2019"")",,zero_as_na
ZEUS,EBITDA (point),IQ_EBITDA_GUIDANCE,FY2014,0,"CIQ(""ZEUS"",""IQ_EBITDA_GUIDANCE"",""FY2014"")",,zero_as_na
ZEUS,EBITDA (point),IQ_EBITDA_GUIDANCE,FY2015,0,"CIQ(""ZEUS"",""IQ_EBITDA_GUIDANCE"",""FY2015"")",,zero_as_na
ZEUS,EBITDA (point),IQ_EBITDA_GUIDANCE,FY2016,0,"CIQ(""ZEUS"",""IQ_EBITDA_GUIDANCE"",""FY2016"")",,zero_as_na
ZEUS,EBITDA (point),IQ_EBITDA_GUIDANCE,FY2017,0,"CIQ(""ZEUS"",""IQ_EBITDA_GUIDANCE"",""FY2017"")",,zero_as_na
ZEUS,EBITDA (point),IQ_EBITDA_GUIDANCE,FY2018,0,"CIQ(""ZEUS"",""IQ_EBITDA_GUIDANCE"",""FY2018"")",,zero_as_na
ZEUS,EBITDA (point),IQ_EBITDA_GUIDANCE,FY2019,0,"CIQ(""ZEUS"",""IQ_EBITDA_GUIDANCE"",""FY2019"")",,zero_as_na
ZION,EPS Excl. Excep/GW (point),IQ_EPS_EXCL_GUIDANCE,FY2014,0,"CIQ(""ZION"",""IQ_EPS_EXCL_GUIDANCE"",""FY2014"")",,zero_as_na
ZION,EPS Excl. Excep/GW (point),IQ_EPS_EXCL_GUIDANCE,FY2015,0,"CIQ(""ZION"",""IQ_EPS_EXCL_GUIDANCE"",""FY2015"")",,zero_as_na
ZION,EPS Excl. Excep/GW (point),IQ_EPS_EXCL_GUIDANCE,FY2016,0,"CIQ(""ZION"",""IQ_EPS_EXCL_GUIDANCE"",""FY2016"")",,zero_as_na
ZION,EPS Excl. Excep/GW (point),IQ_EPS_EXCL_GUIDANCE,FY2017,0,"CIQ(""ZION"",""IQ_EPS_EXCL_GUIDANCE"",""FY2017"")",,zero_as_na
ZION,EPS Excl. Excep/GW (point),IQ_EPS_EXCL_GUIDANCE,FY2018,0,"CIQ(""ZION"",""IQ_EPS_EXCL_GUIDANCE"",""FY2018"")",,zero_as_na
ZION,EPS Excl. Excep/GW (point),IQ_EPS_EXCL_GUIDANCE,FY2019,0,"CIQ(""ZION"",""IQ_EPS_EXCL_GUIDANCE"",""FY2019"")",,zero_as_na
ZION,EPS Excl. Excep/GW High,IQ_EPS_EXCL_HIGH_GUIDANCE,FY2014,0,"CIQ(""ZION"",""IQ_EPS_EXCL_HIGH_GUIDANCE"",""FY2014"")",,zero_as_na
ZION,EPS Excl. Excep/GW High,IQ_EPS_EXCL_HIGH_GUIDANCE,FY2015,0,"CIQ(""ZION"",""IQ_EPS_EXCL_HIGH_GUIDANCE"",""FY2015"")",,zero_as_na
ZION,EPS Excl. Excep/GW High,IQ_EPS_EXCL_HIGH_GUIDANCE,FY2016,0,"CIQ(""ZION"",""IQ_EPS_EXCL_HIGH_GUIDANCE"",""FY2016"")",,zero_as_na
ZION,EPS Excl. Excep/GW High,IQ_EPS_EXCL_HIGH_GUIDANCE,FY2017,0,"CIQ(""ZION"",""IQ_EPS_EXCL_HIGH_GUIDANCE"",""FY2017"")",,zero_as_na
ZION,EPS Excl. Excep/GW High,IQ_EPS_EXCL_HIGH_GUIDANCE,FY2018,0,"CIQ(""ZION"",""IQ_EPS_EXCL_HIGH_GUIDANCE"",""FY2018"")",,zero_as_na
ZION,EPS Excl. Excep/GW High,IQ_EPS_EXCL_HIGH_GUIDANCE,FY2019,0,"CIQ(""ZION"",""IQ_EPS_EXCL_HIGH_GUIDANCE"",""FY2019"")",,zero_as_na
ZION,EPS Excl. Excep/GW Low,IQ_EPS_EXCL_LOW_GUIDANCE,FY2014,0,"CIQ(""ZION"",""IQ_EPS_EXCL_LOW_GUIDANCE"",""FY2014"")",,zero_as_na
ZION,EPS Excl. Excep/GW Low,IQ_EPS_EXCL_LOW_GUIDANCE,FY2015,0,"CIQ(""ZION"",""IQ_EPS_EXCL_LOW_GUIDANCE"",""FY2015"")",,zero_as_na
ZION,EPS Excl. Excep/GW Low,IQ_EPS_EXCL_LOW_GUIDANCE,FY2016,0,"CIQ(""ZION"",""IQ_EPS_EXCL_LOW_GUIDANCE"",""FY2016"")",,zero_as_na
ZION,EPS Excl. Excep/GW Low,IQ_EPS_EXCL_LOW_GUIDANCE,FY2017,0,"CIQ(""ZION"",""IQ_EPS_EXCL_LOW_GUIDANCE"",""FY2017"")",,zero_as_na
ZION,EPS Excl. Excep/GW Low,IQ_EPS_EXCL_LOW_GUIDANCE,FY2018,0,"CIQ(""ZION"",""IQ_EPS_EXCL_LOW_GUIDANCE"",""FY2018"")",,zero_as_na
ZION,EPS Excl. Excep/GW Low,IQ_EPS_EXCL_LOW_GUIDANCE,FY2019,0,"CIQ(""ZION"",""IQ_EPS_EXCL_LOW_GUIDANCE"",""FY2019"")",,zero_as_na
ZION,Revenue (point),IQ_REVENUE_GUIDANCE,FY2014,0,"CIQ(""ZION"",""IQ_REVENUE_GUIDANCE"",""FY2014"")",,zero_as_na
ZION,Revenue (point),IQ_REVENUE_GUIDANCE,FY2015,0,"CIQ(""ZION"",""IQ_REVENUE_GUIDANCE"",""FY2015"")",,zero_as_na
ZION,Revenue (point),IQ_REVENUE_GUIDANCE,FY2016,0,"CIQ(""ZION"",""IQ_REVENUE_GUIDANCE"",""FY2016"")",,zero_as_na
ZION,Revenue (point),IQ_REVENUE_GUIDANCE,FY2017,0,"CIQ(""ZION"",""IQ_REVENUE_GUIDANCE"",""FY2017"")",,zero_as_na
ZION,Revenue (point),IQ_REVENUE_GUIDANCE,FY2018,0,"CIQ(""ZION"",""IQ_REVENUE_GUIDANCE"",""FY2018"")",,zero_as_na
ZION,Revenue (point),IQ_REVENUE_GUIDANCE,FY2019,0,"CIQ(""ZION"",""IQ_REVENUE_GUIDANCE"",""FY2019"")",,zero_as_na
ZION,Revenue High,IQ_REVENUE_HIGH_GUIDANCE,FY2014,0,"CIQ(""ZION"",""IQ_REVENUE_HIGH_GUIDANCE"",""FY2014"")",,zero_as_na
ZION,Revenue High,IQ_REVENUE_HIGH_GUIDANCE,FY2015,0,"CIQ(""ZION"",""IQ_REVENUE_HIGH_GUIDANCE"",""FY2015"")",,zero_as_na
ZION,Revenue High,IQ_REVENUE_HIGH_GUIDANCE,FY2016,0,"CIQ(""ZION"",""IQ_REVENUE_HIGH_GUIDANCE"",""FY2016"")",,zero_as_na
ZION,Revenue High,IQ_REVENUE_HIGH_GUIDANCE,FY2017,0,"CIQ(""ZION"",""IQ_REVENUE_HIGH_GUIDANCE"",""FY2017"")",,zero_as_na
ZION,Revenue High,IQ_REVENUE_HIGH_GUIDANCE,FY2018,0,"CIQ(""ZION"",""IQ_REVENUE_HIGH_GUIDANCE"",""FY2018"")",,zero_as_na
ZION,Revenue High,IQ_REVENUE_HIGH_GUIDANCE,FY2019,0,"CIQ(""ZION"",""IQ_REVENUE_HIGH_GUIDANCE"",""FY2019"")",,zero_as_na
ZION,Revenue Low,IQ_REVENUE_LOW_GUIDANCE,FY2014,0,"CIQ(""ZION"",""IQ_REVENUE_LOW_GUIDANCE"",""FY2014"")",,zero_as_na
ZION,Revenue Low,IQ_REVENUE_LOW_GUIDANCE,FY2015,0,"CIQ(""ZION"",""IQ_REVENUE_LOW_GUIDANCE"",""FY2015"")",,zero_as_na
ZION,Revenue Low,IQ_REVENUE_LOW_GUIDANCE,FY2016,0,"CIQ(""ZION"",""IQ_REVENUE_LOW_GUIDANCE"",""FY2016"")",,zero_as_na
ZION,Revenue Low,IQ_REVENUE_LOW_GUIDANCE,FY2017,0,"CIQ(""ZION"",""IQ_REVENUE_LOW_GUIDANCE"",""FY2017"")",,zero_as_na
ZION,Revenue Low,IQ_REVENUE_LOW_GUIDANCE,FY2018,0,"CIQ(""ZION"",""IQ_REVENUE_LOW_GUIDANCE"",""FY2018"")",,zero_as_na
ZION,Revenue Low,IQ_REVENUE_LOW_GUIDANCE,FY2019,0,"CIQ(""ZION"",""IQ_REVENUE_LOW_GUIDANCE"",""FY2019"")",,zero_as_na
ZION,EBITDA (point),IQ_EBITDA_GUIDANCE,FY2014,0,"CIQ(""ZION"",""IQ_EBITDA_GUIDANCE"",""FY2014"")",,zero_as_na
ZION,EBITDA (point),IQ_EBITDA_GUIDANCE,FY2015,0,"CIQ(""ZION"",""IQ_EBITDA_GUIDANCE"",""FY2015"")",,zero_as_na
ZION,EBITDA (point),IQ_EBITDA_GUIDANCE,FY2016,0,"CIQ(""ZION"",""IQ_EBITDA_GUIDANCE"",""FY2016"")",,zero_as_na
ZION,EBITDA (point),IQ_EBITDA_GUIDANCE,FY2017,0,"CIQ(""ZION"",""IQ_EBITDA_GUIDANCE"",""FY2017"")",,zero_as_na
ZION,EBITDA (point),IQ_EBITDA_GUIDANCE,FY2018,0,"CIQ(""ZION"",""IQ_EBITDA_GUIDANCE"",""FY2018"")",,zero_as_na
ZION,EBITDA (point),IQ_EBITDA_GUIDANCE,FY2019,0,"CIQ(""ZION"",""IQ_EBITDA_GUIDANCE"",""FY2019"")",,zero_as_na
ZTS,EPS Excl. Excep/GW (point),IQ_EPS_EXCL_GUIDANCE,FY2014,1.50 - 1.54,"CIQ(""ZTS"",""IQ_EPS_EXCL_GUIDANCE"",""FY2014"")",1.52,range
ZTS,EPS Excl. Excep/GW (point),IQ_EPS_EXCL_GUIDANCE,FY2015,1.70 - 1.74,"CIQ(""ZTS"",""IQ_EPS_EXCL_GUIDANCE"",""FY2015"")",1.72,range
ZTS,EPS Excl. Excep/GW (point),IQ_EPS_EXCL_GUIDANCE,FY2016,1.91 - 1.96,"CIQ(""ZTS"",""IQ_EPS_EXCL_GUIDANCE"",""FY2016"")",1.935,range
ZTS,EPS Excl. Excep/GW (point),IQ_EPS_EXCL_GUIDANCE,FY2017,2.34 - 2.39,"CIQ(""ZTS"",""IQ_EPS_EXCL_GUIDANCE"",""FY2017"")",2.365,range
ZTS,EPS Excl. Excep/GW (point),IQ_EPS_EXCL_GUIDANCE,FY2018,3.08 - 3.13,"CIQ(""ZTS"",""IQ_EPS_EXCL_GUIDANCE"",""FY2018"")",3.105,range
ZTS,EPS Excl. Excep/GW (point),IQ_EPS_EXCL_GUIDANCE,FY2019,3.57 - 3.62,"CIQ(""ZTS"",""IQ_EPS_EXCL_GUIDANCE"",""FY2019"")",3.5949999999999998,range
ZTS,EPS Excl. Excep/GW High,IQ_EPS_EXCL_HIGH_GUIDANCE,FY2014,1.54,"CIQ(""ZTS"",""IQ_EPS_EXCL_HIGH_GUIDANCE"",""FY2014"")",1.54,number
ZTS,EPS Excl. Excep/GW High,IQ_EPS_EXCL_HIGH_GUIDANCE,FY2015,1.74,"CIQ(""ZTS"",""IQ_EPS_EXCL_HIGH_GUIDANCE"",""FY2015"")",1.74,number
ZTS,EPS Excl. Excep/GW High,IQ_EPS_EXCL_HIGH_GUIDANCE,FY2016,1.96,"CIQ(""ZTS"",""IQ_EPS_EXCL_HIGH_GUIDANCE"",""FY2016"")",1.96,number
ZTS,EPS Excl. Excep/GW High,IQ_EPS_EXCL_HIGH_GUIDANCE,FY2017,2.39,"CIQ(""ZTS"",""IQ_EPS_EXCL_HIGH_GUIDANCE"",""FY2017"")",2.39,number
ZTS,EPS Excl. Excep/GW High,IQ_EPS_EXCL_HIGH_GUIDANCE,FY2018,3.13,"CIQ(""ZTS"",""IQ_EPS_EXCL_HIGH_GUIDANCE"",""FY2018"")",3.13,number
ZTS,EPS Excl. Excep/GW High,IQ_EPS_EXCL_HIGH_GUIDANCE,FY2019,3.62,"CIQ(""ZTS"",""IQ_EPS_EXCL_HIGH_GUIDANCE"",""FY2019"")",3.62,number
ZTS,EPS Excl. Excep/GW Low,IQ_EPS_EXCL_LOW_GUIDANCE,FY2014,1.5,"CIQ(""ZTS"",""IQ_EPS_EXCL_LOW_GUIDANCE"",""FY2014"")",1.5,number
ZTS,EPS Excl. Excep/GW Low,IQ_EPS_EXCL_LOW_GUIDANCE,FY2015,1.7,"CIQ(""ZTS"",""IQ_EPS_EXCL_LOW_GUIDANCE"",""FY2015"")",1.7,number
ZTS,EPS Excl. Excep/GW Low,IQ_EPS_EXCL_LOW_GUIDANCE,FY2016,1.91,"CIQ(""ZTS"",""IQ_EPS_EXCL_LOW_GUIDANCE"",""FY2016"")",1.91,number
ZTS,EPS Excl. Excep/GW Low,IQ_EPS_EXCL_LOW_GUIDANCE,FY2017,2.34,"CIQ(""ZTS"",""IQ_EPS_EXCL_LOW_GUIDANCE"",""FY2017"")",2.34,number
ZTS,EPS Excl. Excep/GW Low,IQ_EPS_EXCL_LOW_GUIDANCE,FY2018,3.08,"CIQ(""ZTS"",""IQ_EPS_EXCL_LOW_GUIDANCE"",""FY2018"")",3.08,number
ZTS,EPS Excl. Excep/GW Low,IQ_EPS_EXCL_LOW_GUIDANCE,FY2019,3.57,"CIQ(""ZTS"",""IQ_EPS_EXCL_LOW_GUIDANCE"",""FY2019"")",3.57,number
ZTS,Revenue (point),IQ_REVENUE_GUIDANCE,FY2014,4700.00 - 4750.00,"CIQ(""ZTS"",""IQ_REVENUE_GUIDANCE"",""FY2014"")",4725.0,range
ZTS,Revenue (point),IQ_REVENUE_GUIDANCE,FY2015,4700.00 - 4750.00,"CIQ(""ZTS"",""IQ_REVENUE_GUIDANCE"",""FY2015"")",4725.0,range
ZTS,Revenue (point),IQ_REVENUE_GUIDANCE,FY2016,4850.00 - 4900.00,"CIQ(""ZTS"",""IQ_REVENUE_GUIDANCE"",""FY2016"")",4875.0,range
ZTS,Revenue (point),IQ_REVENUE_GUIDANCE,FY2017,5225.00 - 5275.00,"CIQ(""ZTS"",""IQ_REVENUE_GUIDANCE"",""FY2017"")",5250.0,range
ZTS,Revenue (point),IQ_REVENUE_GUIDANCE,FY2018,5750.00 - 5800.00,"CIQ(""ZTS"",""IQ_REVENUE_GUIDANCE"",""FY2018"")",5775.0,range
ZTS,Revenue (point),IQ_REVENUE_GUIDANCE,FY2019,6200.00 - 6250.00,"CIQ(""ZTS"",""IQ_REVENUE_GUIDANCE"",""FY2019"")",6225.0,range
ZTS,Revenue High,IQ_REVENUE_HIGH_GUIDANCE,FY2014,4750,"CIQ(""ZTS"",""IQ_REVENUE_HIGH_GUIDANCE"",""FY2014"")",4750.0,number
ZTS,Revenue High,IQ_REVENUE_HIGH_GUIDANCE,FY2015,4750,"CIQ(""ZTS"",""IQ_REVENUE_HIGH_GUIDANCE"",""FY2015"")",4750.0,number
ZTS,Revenue High,IQ_REVENUE_HIGH_GUIDANCE,FY2016,4900,"CIQ(""ZTS"",""IQ_REVENUE_HIGH_GUIDANCE"",""FY2016"")",4900.0,number
ZTS,Revenue High,IQ_REVENUE_HIGH_GUIDANCE,FY2017,5275,"CIQ(""ZTS"",""IQ_REVENUE_HIGH_GUIDANCE"",""FY2017"")",5275.0,number
ZTS,Revenue High,IQ_REVENUE_HIGH_GUIDANCE,FY2018,5800,"CIQ(""ZTS"",""IQ_REVENUE_HIGH_GUIDANCE"",""FY2018"")",5800.0,number
ZTS,Revenue High,IQ_REVENUE_HIGH_GUIDANCE,FY2019,6250,"CIQ(""ZTS"",""IQ_REVENUE_HIGH_GUIDANCE"",""FY2019"")",6250.0,number
ZTS,Revenue Low,IQ_REVENUE_LOW_GUIDANCE,FY2014,4700,"CIQ(""ZTS"",""IQ_REVENUE_LOW_GUIDANCE"",""FY2014"")",4700.0,number
ZTS,Revenue Low,IQ_REVENUE_LOW_GUIDANCE,FY2015,4700,"CIQ(""ZTS"",""IQ_REVENUE_LOW_GUIDANCE"",""FY2015"")",4700.0,number
ZTS,Revenue Low,IQ_REVENUE_LOW_GUIDANCE,FY2016,4850,"CIQ(""ZTS"",""IQ_REVENUE_LOW_GUIDANCE"",""FY2016"")",4850.0,number
ZTS,Revenue Low,IQ_REVENUE_LOW_GUIDANCE,FY2017,5225,"CIQ(""ZTS"",""IQ_REVENUE_LOW_GUIDANCE"",""FY2017"")",5225.0,number
ZTS,Revenue Low,IQ_REVENUE_LOW_GUIDANCE,FY2018,5750,"CIQ(""ZTS"",""IQ_REVENUE_LOW_GUIDANCE"",""FY2018"")",5750.0,number
ZTS,Revenue Low,IQ_REVENUE_LOW_GUIDANCE,FY2019,6200,"CIQ(""ZTS"",""IQ_REVENUE_LOW_GUIDANCE"",""FY2019"")",6200.0,number
ZTS,EBITDA (point),IQ_EBITDA_GUIDANCE,FY2014,0,"CIQ(""ZTS"",""IQ_EBITDA_GUIDANCE"",""FY2014"")",,zero_as_na
ZTS,EBITDA (point),IQ_EBITDA_GUIDANCE,FY2015,0,"CIQ(""ZTS"",""IQ_EBITDA_GUIDANCE"",""FY2015"")",,zero_as_na
ZTS,EBITDA (point),IQ_EBITDA_GUIDANCE,FY2016,0,"CIQ(""ZTS"",""IQ_EBITDA_GUIDANCE"",""FY2016"")",,zero_as_na
ZTS,EBITDA (point),IQ_EBITDA_GUIDANCE,FY2017,0,"CIQ(""ZTS"",""IQ_EBITDA_GUIDANCE"",""FY2017"")",,zero_as_na
ZTS,EBITDA (point),IQ_EBITDA_GUIDANCE,FY2018,0,"CIQ(""ZTS"",""IQ_EBITDA_GUIDANCE"",""FY2018"")",,zero_as_na
ZTS,EBITDA (point),IQ_EBITDA_GUIDANCE,FY2019,0,"CIQ(""ZTS"",""IQ_EBITDA_GUIDANCE"",""FY2019"")",,zero_as_na
ZUMZ,EPS Excl. Excep/GW (point),IQ_EPS_EXCL_GUIDANCE,FY2014,0,"CIQ(""ZUMZ"",""IQ_EPS_EXCL_GUIDANCE"",""FY2014"")",,zero_as_na
ZUMZ,EPS Excl. Excep/GW (point),IQ_EPS_EXCL_GUIDANCE,FY2015,0,"CIQ(""ZUMZ"",""IQ_EPS_EXCL_GUIDANCE"",""FY2015"")",,zero_as_na
ZUMZ,EPS Excl. Excep/GW (point),IQ_EPS_EXCL_GUIDANCE,FY2016,0,"CIQ(""ZUMZ"",""IQ_EPS_EXCL_GUIDANCE"",""FY2016"")",,zero_as_na
ZUMZ,EPS Excl. Excep/GW (point),IQ_EPS_EXCL_GUIDANCE,FY2017,0,"CIQ(""ZUMZ"",""IQ_EPS_EXCL_GUIDANCE"",""FY2017"")",,zero_as_na
ZUMZ,EPS Excl. Excep/GW (point),IQ_EPS_EXCL_GUIDANCE,FY2018,0,"CIQ(""ZUMZ"",""IQ_EPS_EXCL_GUIDANCE"",""FY2018"")",,zero_as_na
ZUMZ,EPS Excl. Excep/GW (point),IQ_EPS_EXCL_GUIDANCE,FY2019,0,"CIQ(""ZUMZ"",""IQ_EPS_EXCL_GUIDANCE"",""FY2019"")",,zero_as_na
ZUMZ,EPS Excl. Excep/GW High,IQ_EPS_EXCL_HIGH_GUIDANCE,FY2014,0,"CIQ(""ZUMZ"",""IQ_EPS_EXCL_HIGH_GUIDANCE"",""FY2014"")",,zero_as_na
ZUMZ,EPS Excl. Excep/GW High,IQ_EPS_EXCL_HIGH_GUIDANCE,FY2015,0,"CIQ(""ZUMZ"",""IQ_EPS_EXCL_HIGH_GUIDANCE"",""FY2015"")",,zero_as_na
ZUMZ,EPS Excl. Excep/GW High,IQ_EPS_EXCL_HIGH_GUIDANCE,FY2016,0,"CIQ(""ZUMZ"",""IQ_EPS_EXCL_HIGH_GUIDANCE"",""FY2016"")",,zero_as_na
ZUMZ,EPS Excl. Excep/GW High,IQ_EPS_EXCL_HIGH_GUIDANCE,FY2017,0,"CIQ(""ZUMZ"",""IQ_EPS_EXCL_HIGH_GUIDANCE"",""FY2017"")",,zero_as_na
ZUMZ,EPS Excl. Excep/GW High,IQ_EPS_EXCL_HIGH_GUIDANCE,FY2018,0,"CIQ(""ZUMZ"",""IQ_EPS_EXCL_HIGH_GUIDANCE"",""FY2018"")",,zero_as_na
ZUMZ,EPS Excl. Excep/GW High,IQ_EPS_EXCL_HIGH_GUIDANCE,FY2019,0,"CIQ(""ZUMZ"",""IQ_EPS_EXCL_HIGH_GUIDANCE"",""FY2019"")",,zero_as_na
ZUMZ,EPS Excl. Excep/GW Low,IQ_EPS_EXCL_LOW_GUIDANCE,FY2014,0,"CIQ(""ZUMZ"",""IQ_EPS_EXCL_LOW_GUIDANCE"",""FY2014"")",,zero_as_na
ZUMZ,EPS Excl. Excep/GW Low,IQ_EPS_EXCL_LOW_GUIDANCE,FY2015,0,"CIQ(""ZUMZ"",""IQ_EPS_EXCL_LOW_GUIDANCE"",""FY2015"")",,zero_as_na
ZUMZ,EPS Excl. Excep/GW Low,IQ_EPS_EXCL_LOW_GUIDANCE,FY2016,0,"CIQ(""ZUMZ"",""IQ_EPS_EXCL_LOW_GUIDANCE"",""FY2016"")",,zero_as_na
ZUMZ,EPS Excl. Excep/GW Low,IQ_EPS_EXCL_LOW_GUIDANCE,FY2017,0,"CIQ(""ZUMZ"",""IQ_EPS_EXCL_LOW_GUIDANCE"",""FY2017"")",,zero_as_na
ZUMZ,EPS Excl. Excep/GW Low,IQ_EPS_EXCL_LOW_GUIDANCE,FY2018,0,"CIQ(""ZUMZ"",""IQ_EPS_EXCL_LOW_GUIDANCE"",""FY2018"")",,zero_as_na
ZUMZ,EPS Excl. Excep/GW Low,IQ_EPS_EXCL_LOW_GUIDANCE,FY2019,0,"CIQ(""ZUMZ"",""IQ_EPS_EXCL_LOW_GUIDANCE"",""FY2019"")",,zero_as_na
ZUMZ,Revenue (point),IQ_REVENUE_GUIDANCE,FY2014,0,"CIQ(""ZUMZ"",""IQ_REVENUE_GUIDANCE"",""FY2014"")",,zero_as_na
ZUMZ,Revenue (point),IQ_REVENUE_GUIDANCE,FY2015,0,"CIQ(""ZUMZ"",""IQ_REVENUE_GUIDANCE"",""FY2015"")",,zero_as_na
ZUMZ,Revenue (point),IQ_REVENUE_GUIDANCE,FY2016,0,"CIQ(""ZUMZ"",""IQ_REVENUE_GUIDANCE"",""FY2016"")",,zero_as_na
ZUMZ,Revenue (point),IQ_REVENUE_GUIDANCE,FY2017,0,"CIQ(""ZUMZ"",""IQ_REVENUE_GUIDANCE"",""FY2017"")",,zero_as_na
ZUMZ,Revenue (point),IQ_REVENUE_GUIDANCE,FY2018,0,"CIQ(""ZUMZ"",""IQ_REVENUE_GUIDANCE"",""FY2018"")",,zero_as_na
ZUMZ,Revenue (point),IQ_REVENUE_GUIDANCE,FY2019,0,"CIQ(""ZUMZ"",""IQ_REVENUE_GUIDANCE"",""FY2019"")",,zero_as_na
ZUMZ,Revenue High,IQ_REVENUE_HIGH_GUIDANCE,FY2014,0,"CIQ(""ZUMZ"",""IQ_REVENUE_HIGH_GUIDANCE"",""FY2014"")",,zero_as_na
ZUMZ,Revenue High,IQ_REVENUE_HIGH_GUIDANCE,FY2015,0,"CIQ(""ZUMZ"",""IQ_REVENUE_HIGH_GUIDANCE"",""FY2015"")",,zero_as_na
ZUMZ,Revenue High,IQ_REVENUE_HIGH_GUIDANCE,FY2016,0,"CIQ(""ZUMZ"",""IQ_REVENUE_HIGH_GUIDANCE"",""FY2016"")",,zero_as_na
ZUMZ,Revenue High,IQ_REVENUE_HIGH_GUIDANCE,FY2017,0,"CIQ(""ZUMZ"",""IQ_REVENUE_HIGH_GUIDANCE"",""FY2017"")",,zero_as_na
ZUMZ,Revenue High,IQ_REVENUE_HIGH_GUIDANCE,FY2018,0,"CIQ(""ZUMZ"",""IQ_REVENUE_HIGH_GUIDANCE"",""FY2018"")",,zero_as_na
ZUMZ,Revenue High,IQ_REVENUE_HIGH_GUIDANCE,FY2019,0,"CIQ(""ZUMZ"",""IQ_REVENUE_HIGH_GUIDANCE"",""FY2019"")",,zero_as_na
ZUMZ,Revenue Low,IQ_REVENUE_LOW_GUIDANCE,FY2014,0,"CIQ(""ZUMZ"",""IQ_REVENUE_LOW_GUIDANCE"",""FY2014"")",,zero_as_na
ZUMZ,Revenue Low,IQ_REVENUE_LOW_GUIDANCE,FY2015,0,"CIQ(""ZUMZ"",""IQ_REVENUE_LOW_GUIDANCE"",""FY2015"")",,zero_as_na
ZUMZ,Revenue Low,IQ_REVENUE_LOW_GUIDANCE,FY2016,0,"CIQ(""ZUMZ"",""IQ_REVENUE_LOW_GUIDANCE"",""FY2016"")",,zero_as_na
ZUMZ,Revenue Low,IQ_REVENUE_LOW_GUIDANCE,FY2017,0,"CIQ(""ZUMZ"",""IQ_REVENUE_LOW_GUIDANCE"",""FY2017"")",,zero_as_na
ZUMZ,Revenue Low,IQ_REVENUE_LOW_GUIDANCE,FY2018,0,"CIQ(""ZUMZ"",""IQ_REVENUE_LOW_GUIDANCE"",""FY2018"")",,zero_as_na
ZUMZ,Revenue Low,IQ_REVENUE_LOW_GUIDANCE,FY2019,0,"CIQ(""ZUMZ"",""IQ_REVENUE_LOW_GUIDANCE"",""FY2019"")",,zero_as_na
ZUMZ,EBITDA (point),IQ_EBITDA_GUIDANCE,FY2014,0,"CIQ(""ZUMZ"",""IQ_EBITDA_GUIDANCE"",""FY2014"")",,zero_as_na
ZUMZ,EBITDA (point),IQ_EBITDA_GUIDANCE,FY2015,0,"CIQ(""ZUMZ"",""IQ_EBITDA_GUIDANCE"",""FY2015"")",,zero_as_na
ZUMZ,EBITDA (point),IQ_EBITDA_GUIDANCE,FY2016,0,"CIQ(""ZUMZ"",""IQ_EBITDA_GUIDANCE"",""FY2016"")",,zero_as_na
ZUMZ,EBITDA (point),IQ_EBITDA_GUIDANCE,FY2017,0,"CIQ(""ZUMZ"",""IQ_EBITDA_GUIDANCE"",""FY2017"")",,zero_as_na
ZUMZ,EBITDA (point),IQ_EBITDA_GUIDANCE,FY2018,0,"CIQ(""ZUMZ"",""IQ_EBITDA_GUIDANCE"",""FY2018"")",,zero_as_na
ZUMZ,EBITDA (point),IQ_EBITDA_GUIDANCE,FY2019,0,"CIQ(""ZUMZ"",""IQ_EBITDA_GUIDANCE"",""FY2019"")",,zero_as_na
