ticker,cik,comnam,mktcap_usd,n_8k_filings,n_8k_item_2_02,n_with_press_release,n_with_transcript,any_press_release,any_transcript
AAPL,0000320193,APPLE INC,2976556734190.0,6,4,0,0,False,False
MSFT,0000789019,MICROSOFT CORP,2794827876802.62,12,4,0,0,False,False
AMZN,0001018724,AMAZON COM INC,1556169480000.0,10,4,0,0,False,False
NVDA,0001045810,NVIDIA CORP,1223193400000.0,9,4,0,0,False,False
GOOGL,0001652044,ALPHABET INC,824031310000.0,9,5,0,0,False,False
TSLA,0001318605,TESLA INC,791408800000.0,12,8,0,0,False,False
META,0001326801,META PLATFORMS INC,782605537890.0,0,0,0,0,False,False
LLY,0000059478,LILLY ELI & CO,553370017453.86,7,4,0,0,False,False
AVGO,0001730168,BROADCOM INC,522562391250.0,10,4,0,0,False,False
JPM,0000019617,JPMORGAN CHASE & CO,491760489710.07996,0,0,0,0,False,False
UNH,0000731766,UNITEDHEALTH GROUP INC,486945237002.25,14,4,0,0,False,False
WMT,0000104169,WALMART INC,424430663177.66,12,4,0,0,False,False
V,0001403161,VISA INC,412010139225.24,18,4,0,0,False,False
XOM,0000034088,EXXON MOBIL CORP,400533177340.00006,17,4,0,0,False,False
MA,0001141391,MASTERCARD INC,396841120684.38,9,4,0,0,False,False
JNJ,0000200406,JOHNSON & JOHNSON,377316934532.79,18,5,0,0,False,False
PG,0000080424,PROCTER & GAMBLE CO,345378050871.14,20,4,0,0,False,False
HD,0000354950,HOME DEPOT INC,344908036147.38,12,4,0,0,False,False
COST,0000909832,COSTCO WHOLESALE CORP NEW,292895987114.56,11,4,0,0,False,False
ORCL,0001341439,ORACLE CORP,289818846460.00006,6,4,0,0,False,False
CVX,0000093410,CHEVRON CORP NEW,280726279680.0,13,5,0,0,False,False
MRK,0000310158,MERCK & CO INC NEW,276259187460.0,7,4,0,0,False,False
ABBV,0001551152,ABBVIE INC,273605268890.0,15,8,0,0,False,False
ADBE,0000796343,ADOBE INC,271452990899.99997,9,4,0,0,False,False
BAC,0000070858,BANK OF AMERICA CORP,266455356440.00003,0,0,0,0,False,False
KO,0000021344,COCA COLA CO,254778787020.0,7,4,0,0,False,False
CRM,0001108524,SALESFORCE INC,254719529680.0,2,2,0,0,False,False
AMD,0000002488,ADVANCED MICRO DEVICES INC,238214560000.0,8,4,0,0,False,False
PEP,0000077476,PEPSICO INC,233360160000.0,9,4,0,0,False,False
MCD,0000063908,MCDONALDS CORP,215071163673.42,12,4,0,0,False,False
INTC,0000050863,INTEL CORP,212457000000.0,10,4,0,0,False,False
NFLX,0001065280,NETFLIX INC,210702188800.0,8,4,0,0,False,False
CSCO,0000858877,CISCO SYSTEMS INC,205286807520.0,11,4,0,0,False,False
TMO,0000097745,THERMO FISHER SCIENTIFIC INC,205082386152.56,11,4,0,0,False,False
TMUS,0001283699,T MOBILE U S INC,191723736310.0,23,4,0,0,False,False
ABT,0000001800,ABBOTT LABORATORIES,191088014130.0,7,4,0,0,False,False
WFC,0000072971,WELLS FARGO & CO NEW,178749320799.99997,0,0,0,0,False,False
INTU,0000896878,INTUIT INC,174968406478.08002,9,4,0,0,False,False
CMCSA,0001166691,COMCAST CORP NEW,174054594300.0,16,4,0,0,False,False
DHR,0000313616,DANAHER CORP,170943372180.0,13,6,0,0,False,False
DIS,0001744489,DISNEY WALT CO,165259231640.00003,20,4,0,0,False,False
PFE,0000078003,PFIZER INC,162560230269.99997,14,6,0,0,False,False
QCOM,0000804328,QUALCOMM INC,161696340000.0,6,4,0,0,False,False
VZ,0000732712,VERIZON COMMUNICATIONS INC,158494645400.0,2,1,0,0,False,False
BA,0000012927,BOEING CO,157693304820.00003,11,4,0,0,False,False
TXN,0000097476,TEXAS INSTRUMENTS INC,154948149090.0,10,4,0,0,False,False
AMGN,0000318154,AMGEN INC,154205902646.0,18,4,0,0,False,False
MS,0000895421,MORGAN STANLEY DEAN WITTER & CO,153052344000.0,0,0,0,0,False,False
CAT,0000018230,CATERPILLAR INC,150521167040.84998,10,4,0,0,False,False
UNP,0000100885,UNION PACIFIC CORP,149729215140.00003,12,4,0,0,False,False
IBM,0000051143,INTERNATIONAL BUSINESS MACHS COR,149340612450.00003,15,4,0,0,False,False
PM,0001413329,PHILIP MORRIS INTERNATIONAL INC,146050356480.0,25,4,0,0,False,False
NOW,0001373715,SERVICENOW INC,144830447950.00003,6,4,0,0,False,False
SPGI,0000064040,S & P GLOBAL INC,139556732832.0,13,4,0,0,False,False
GE,0000040545,GENERAL ELECTRIC CO,138910705180.0,15,5,0,0,False,False
COP,0001163165,CONOCOPHILLIPS,137822446560.0,7,4,0,0,False,False
HON,0000773840,HONEYWELL INTERNATIONAL INC,136688984518.0,13,6,0,0,False,False
AXP,0000004962,AMERICAN EXPRESS CO,136523275640.00002,24,4,0,0,False,False
AMAT,0000006951,APPLIED MATERIALS INC,134595415694.77,6,4,0,0,False,False
NKE,0000320187,NIKE INC,132891091410.0,8,4,0,0,False,False
LOW,0000060667,LOWES COMPANIES INC,127991398150.0,9,4,0,0,False,False
UBER,0001543151,UBER TECHNOLOGIES INC,126702317060.0,13,4,0,0,False,False
GS,0000886982,GOLDMAN SACHS GROUP INC,125804222978.88,0,0,0,0,False,False
NEE,0000753308,NEXTERA ENERGY INC,124620743920.0,16,4,0,0,False,False
BKNG,0001075531,BOOKING HOLDINGS INC,122017272528.06,15,4,0,0,False,False
SCHW,0000316709,SCHWAB CHARLES CORP NEW,121891721600.0,12,4,0,0,False,False
RTX,0000101829,R T X CORP,120984990140.0,16,4,0,0,False,False
BLK,0002012383,BLACKROCK INC,120764990112.38,0,0,0,0,False,False
T,0000732717,A T & T INC,119977335600.00002,18,4,0,0,False,False
ISRG,0001035267,INTUITIVE SURGICAL INC,118851924477.0,8,5,0,0,False,False
SYK,0000310764,STRYKER CORP,113776229680.62,8,4,0,0,False,False
UPS,0001090727,UNITED PARCEL SERVICE INC,113717698110.0,8,4,0,0,False,False
LMT,0000936468,LOCKHEED MARTIN CORP,112448388279.01,9,4,0,0,False,False
DE,0000315189,DEERE & CO,112065566850.0,12,4,0,0,False,False
ELV,0001156039,ELEVANCE HEALTH INC,110797266040.0,13,4,0,0,False,False
SBUX,0000829224,STARBUCKS CORP,108702522000.0,11,4,0,0,False,False
TJX,0000109198,T J X COMPANIES INC NEW,106913099370.0,7,4,0,0,False,False
VRTX,0000875320,VERTEX PHARMACEUTICALS INC,104853521126.95001,8,4,0,0,False,False
BMY,0000014272,BRISTOL MYERS SQUIBB CO,104403432980.0,12,4,0,0,False,False
LRCX,0000707549,LAM RESH CORP,102824807592.78,8,4,0,0,False,False
CVS,0000064803,C V S HEALTH CORP,101613387119.99998,25,5,0,0,False,False
GILD,0000882095,GILEAD SCIENCES INC,100941862420.0,8,4,0,0,False,False
ADI,0000006281,ANALOG DEVICES INC,98537782720.0,13,4,0,0,False,False
C,0000831001,CITIGROUP INC,98450090080.0,0,0,0,0,False,False
MDLZ,0001103982,MONDELEZ INTERNATIONAL INC,97670623690.00002,13,4,0,0,False,False
ADP,0000008670,AUTOMATIC DATA PROCESSING INC,95680779000.0,6,4,0,0,False,False
REGN,0000872589,REGENERON PHARMACEUTICALS INC,94504001848.0,11,7,0,0,False,False
MU,0000723125,MICRON TECHNOLOGY INC,94207594060.0,13,4,0,0,False,False
PGR,0000080661,PROGRESSIVE CORP OH,93185330480.0,16,4,0,0,False,False
BX,0001393818,BLACKSTONE INC,93024551399.99998,6,4,0,0,False,False
PANW,0001327567,PALO ALTO NETWORKS INC,92975664000.0,11,4,0,0,False,False
ZTS,0001555280,ZOETIS INC,90615330180.0,11,4,0,0,False,False
CI,0001739940,CIGNA GROUP,87625061926.2,16,4,0,0,False,False
BSX,0000885725,BOSTON SCIENTIFIC CORP,84690667230.0,10,4,0,0,False,False
SHW,0000089800,SHERWIN WILLIAMS CO,79835792840.34,10,4,0,0,False,False
MELI,0001099590,MERCADOLIBRE INC,79672365407.88,8,4,0,0,False,False
ITW,0000049826,ILLINOIS TOOL WORKS INC,78814078840.0,8,4,0,0,False,False
KLAC,0000319201,K L A CORP,78626636647.4,10,4,0,0,False,False
SNPS,0000883241,SYNOPSYS INC,78259621610.39001,11,4,0,0,False,False
SO,0000092122,SOUTHERN CO,76474204280.0,22,5,0,0,False,False
CME,0001156375,C M E GROUP INC,75654052192.31001,13,4,0,0,False,False
DUK,0001326160,DUKE ENERGY CORP NEW,74789892480.0,18,4,0,0,False,False
CDNS,0000813672,CADENCE DESIGN SYSTEMS INC,74004563220.0,9,4,0,0,False,False
ICE,0001571949,INTERCONTINENTALEXCHANGE GRP INC,73508702796.36,16,4,0,0,False,False
KKR,0001404912,K K R & CO INC,73322995649.99998,15,4,0,0,False,False
ANET,0001596532,ARISTA NETWORKS INC,73267157889.0,7,4,0,0,False,False
HCA,0000860730,H C A HEALTHCARE INC,72450476803.39,12,4,0,0,False,False
WM,0000823768,WASTE MANAGEMENT INC DEL,72137006527.75,12,4,0,0,False,False
MCO,0001059556,MOODYS CORP,71472480000.0,8,4,0,0,False,False
MO,0000764180,ALTRIA GROUP INC,71347219980.0,12,4,0,0,False,False
GD,0000040533,GENERAL DYNAMICS CORP,70863166718.97,8,4,0,0,False,False
BDX,0000010795,BECTON DICKINSON & CO,70599025860.0,15,4,0,0,False,False
NOC,0001133421,NORTHROP GRUMMAN CORP,70592236527.93001,11,4,0,0,False,False
EOG,0000821189,EOG RESOURCES INC,70531992500.0,13,4,0,0,False,False
CSX,0000277948,C S X CORP,67898698760.00001,12,4,0,0,False,False
USB,0000036104,U S BANCORP DEL,67387479360.0,17,4,0,0,False,False
SCCO,0001001838,SOUTHERN COPPER CORP,66541577699.99999,6,4,0,0,False,False
PYPL,0001633917,PAYPAL HOLDINGS INC,65831520000.0,19,4,0,0,False,False
TGT,0000027419,TARGET CORP,65749902039.99999,10,4,0,0,False,False
CL,0000021665,COLGATE PALMOLIVE CO,65630982120.0,10,4,0,0,False,False
SNOW,0001640147,SNOWFLAKE INC,65530700000.0,6,4,0,0,False,False
MAR,0001048286,MARRIOTT INTERNATIONAL INC NEW,65519672494.6,11,4,0,0,False,False
FDX,0001048911,FEDEX CORP,63215432210.0,12,4,0,0,False,False
CMG,0001058090,CHIPOTLE MEXICAN GRILL INC,62765616102.200005,7,4,0,0,False,False
LULU,0001397187,LULULEMON ATHLETICA INC,61904437960.75,8,4,0,0,False,False
PNC,0000713676,P N C FINANCIAL SERVICES GRP INC,61683107833.41,18,5,0,0,False,False
MCK,0000927653,MCKESSON H B O C INC,61605046090.619995,12,4,0,0,False,False
CTAS,0000723254,CINTAS CORP,61092243818.87001,7,4,0,0,False,False
FCX,0000831259,FREEPORT MCMORAN INC,61044400890.0,9,4,0,0,False,False
APD,0000002969,AIR PRODUCTS & CHEMICALS INC,60846024177.71999,12,4,0,0,False,False
MMM,0000066740,3M CO,60379294440.0,20,5,0,0,False,False
MNST,0000865752,MONSTER BEVERAGE CORP NEW,60004905310.0,8,4,0,0,False,False
ABNB,0001559720,AIRBNB INC,59629319999.99999,11,4,0,0,False,False
APH,0000820313,AMPHENOL CORP NEW,59310470300.0,11,4,0,0,False,False
PH,0000076334,PARKER HANNIFIN CORP,59188894484.76,8,4,0,0,False,False
PSX,0001534701,PHILLIPS 66,58575741839.99999,9,4,0,0,False,False
ROP,0000882835,ROPER TECHNOLOGIES INC,58278670862.0,6,4,0,0,False,False
CRWD,0001535527,CROWDSTRIKE HOLDINGS INC,58118238556.29,7,4,0,0,False,False
WDAY,0001327811,WORKDAY INC,57696540000.0,12,4,0,0,False,False
ECL,0000031462,ECOLAB INC,56557521851.4,8,5,0,0,False,False
CHTR,0001091667,CHARTER COMMUNICATIONS INC NEW,56446051547.75,17,4,0,0,False,False
HUM,0000049071,HUMANA INC,56361446910.00001,19,4,0,0,False,False
MPC,0001510295,MARATHON PETROLEUM CORP,56331846920.0,9,4,0,0,False,False
ORLY,0000898173,O REILLY AUTOMOTIVE INC NEW,56124077021.46,18,4,0,0,False,False
TDG,0001260221,TRANSDIGM GROUP INC,55955641293.72,23,4,0,0,False,False
EMR,0000032604,EMERSON ELECTRIC CO,55487833000.0,13,6,0,0,False,False
NSC,0000702165,NORFOLK SOUTHERN CORP,53454027680.0,14,4,0,0,False,False
APO,0001858681,APOLLO GLOBAL MANAGEMENT INC NEW,52890450449.99999,25,4,0,0,False,False
OXY,0000797468,OCCIDENTAL PETROLEUM CORP,52400361510.0,12,5,0,0,False,False
MRVL,0001835632,MARVELL TECHNOLOGY INC,52137995000.0,11,4,0,0,False,False
ADSK,0000769397,AUTODESK INC,52084024199.99999,5,4,0,0,False,False
MSI,0000068505,MOTOROLA SOLUTIONS INC,51962921120.0,9,4,0,0,False,False
RSG,0001060391,REPUBLIC SERVICES INC,51886787670.0,13,4,0,0,False,False
PCAR,0000075362,PACCAR INC,51100245000.0,8,4,0,0,False,False
DHI,0000882184,D R HORTON INC,50637304320.0,11,4,0,0,False,False
COF,0000927628,CAPITAL ONE FINANCIAL CORP,49936658640.0,32,4,0,0,False,False
TFC,0000092230,TRUIST FINANCIAL CORP,49239022560.0,15,4,0,0,False,False
GM,0001467858,GENERAL MOTORS CO,49191757520.0,12,4,0,0,False,False
MET,0001099219,METLIFE INC,48948764699.99999,21,5,0,0,False,False
MCHP,0000827054,MICROCHIP TECHNOLOGY INC,48732189840.0,11,4,0,0,False,False
AJG,0000354190,GALLAGHER ARTHUR J & CO,48551592000.0,12,4,0,0,False,False
AFL,0000004977,AFLAC INC,48211350000.0,11,4,0,0,False,False
CARR,0001783180,CARRIER GLOBAL CORP,48203250150.00001,14,4,0,0,False,False
F,0000037996,FORD MOTOR CO DEL,47932323379.99999,25,4,0,0,False,False
DXCM,0001093557,DEXCOM INC,47824286000.0,13,5,0,0,False,False
NEM,0001164727,NEWMONT CORP,47701643880.0,33,4,0,0,False,False
AIG,0000005272,AMERICAN INTERNATIONAL GROUP INC,47563210000.0,20,4,0,0,False,False
CPRT,0000900075,COPART INC,47051319000.0,7,4,0,0,False,False
SRE,0001032208,SEMPRA ENERGY,47029681440.00001,19,4,0,0,False,False
HLT,0001585689,HILTON WORLDWIDE HOLDINGS INC,46695159600.0,9,4,0,0,False,False
ROST,0000745732,ROSS STORES INC,46591207739.99999,9,4,0,0,False,False
KDP,0001418135,KEURIG DR PEPPER INC,46329660720.0,15,4,0,0,False,False
EW,0001099800,EDWARDS LIFESCIENCES CORP,46245625000.0,7,4,0,0,False,False
IDXX,0000874716,I D E X X LABORATORIES INC,46086910769.68,7,4,0,0,False,False
KHC,0001637459,KRAFT HEINZ CO,45041639999.99999,11,4,0,0,False,False
MSCI,0001408198,M S C I INC,44737825731.82,11,4,0,0,False,False
AZO,0000866787,AUTOZONE INC,44710370022.119995,15,4,0,0,False,False
FTNT,0001262039,FORTINET INC,44541330000.0,7,4,0,0,False,False
STZ,0000016918,CONSTELLATION BRANDS INC,44400530250.0,19,4,0,0,False,False
VLO,0001035002,VALERO ENERGY CORP NEW,44258890000.0,8,4,0,0,False,False
ODFL,0000878927,OLD DOMINION FREIGHT LINE INC,44166782360.35,16,4,0,0,False,False
TRV,0000086312,TRAVELERS COMPANIES INC,43507727793.99,8,5,0,0,False,False
PAYX,0000723531,PAYCHEX INC,42858398420.0,11,4,0,0,False,False
NUE,0000073309,NUCOR CORP,42785817101.61,7,4,0,0,False,False
AEP,0000004904,AMERICAN ELECTRIC POWER CO INC,42736745700.0,17,4,0,0,False,False
WMB,0000107263,WILLIAMS COS,42370660169.99999,10,4,0,0,False,False
IQV,0001478242,IQVIA HOLDINGS INC,42226850000.0,12,4,0,0,False,False
KVUE,0001944048,KENVUE INC,41229842350.0,6,2,0,0,False,False
COR,0001140859,CENCORA INC,41222230560.0,20,4,0,0,False,False
GWW,0000277135,GRAINGER W W INC,41131199460.0,10,4,0,0,False,False
KMB,0000055785,KIMBERLY CLARK CORP,41063210910.00001,7,4,0,0,False,False
OKE,0001039684,ONEOK INC NEW,40906731220.0,45,4,0,0,False,False
A,0001090872,AGILENT TECHNOLOGIES INC,40736346120.0,11,4,0,0,False,False
LNG,0000003570,CHENIERE ENERGY INC,40672513432.55,14,4,0,0,False,False
BK,0001390777,BANK OF NEW YORK MELLON CORP,40030249650.0,16,4,0,0,False,False
LHX,0000202058,L3HARRIS TECHNOLOGIES INC,39920914800.00001,17,4,0,0,False,False
CNC,0001071739,CENTENE CORP DEL,39643056209.99999,12,4,0,0,False,False
D,0000715957,DOMINION ENERGY INC,39329459000.0,19,4,0,0,False,False
KMI,0001506307,KINDER MORGAN INC,39209733360.0,20,4,0,0,False,False
URI,0001067701,UNITED RENTALS INC,38866979664.38,10,4,0,0,False,False
ADM,0000007084,ARCHER DANIELS MIDLAND CO,38520775820.0,7,4,0,0,False,False
PCG,0001004980,P G & E CORP,38467149240.0,24,4,0,0,False,False
DOW,0001751788,DOW INC,38464611480.00001,9,4,0,0,False,False
AMP,0000820027,AMERIPRISE FINANCIAL INC,38437275668.04,8,4,0,0,False,False
AME,0001037868,AMETEK INC NEW,38056447110.0,8,4,0,0,False,False
MRNA,0001682852,MODERNA INC,37989900000.0,11,5,0,0,False,False
CTSH,0001058290,COGNIZANT TECHNOLOGY SOLS CORP,37871723890.0,10,5,0,0,False,False
BIIB,0000875045,BIOGEN INC,37495771551.0,14,4,0,0,False,False
PRU,0001137774,PRUDENTIAL FINANCIAL INC,37439310000.0,19,4,0,0,False,False
LEN,0000920760,LENNAR CORP,37282651578.479996,12,4,0,0,False,False
TEAM,0001650372,ATLASSIAN CORP PLC,37191551740.0,0,0,0,0,False,False
DASH,0001792789,DOORDASH INC,37181354430.0,10,4,0,0,False,False
LVS,0001300514,LAS VEGAS SANDS CORP,37073288490.0,11,4,0,0,False,False
DDOG,0001561550,DATADOG INC,37068845100.0,5,4,0,0,False,False
CEG,0001868275,CONSTELLATION ENERGY CORP,37054130000.0,11,4,0,0,False,False
FAST,0000815556,FASTENAL CO,37047274140.0,10,4,0,0,False,False
GIS,0000040704,GENERAL MILLS INC,36992354600.0,10,4,0,0,False,False
SYY,0000096021,SYSCO CORP,36884724360.0,14,4,0,0,False,False
EA,0000712515,ELECTRONIC ARTS INC,36691347520.0,9,4,0,0,False,False
ALL,0000899051,ALLSTATE CORP,36630946260.0,23,8,0,0,False,False
YUM,0001041061,YUM BRANDS INC,36625043280.0,8,4,0,0,False,False
OTIS,0001781335,OTIS WORLDWIDE CORP,36616402730.0,9,4,0,0,False,False
EXC,0001109357,EXELON CORP,35864100000.0,17,4,0,0,False,False
CSGP,0001057352,COSTAR GROUP INC,35663859000.0,6,4,0,0,False,False
ON,0001097864,ON SEMICONDUCTOR CORP,35616022580.0,15,4,0,0,False,False
FIS,0001136893,FIDELITY NATIONAL INFO SVCS INC,35590513880.0,14,4,0,0,False,False
ROK,0001024478,ROCKWELL AUTOMATION INC,35575420505.82,8,4,0,0,False,False
PLTR,0001321655,PALANTIR TECHNOLOGIES INC,35532250460.0,6,4,0,0,False,False
PPG,0000079879,P P G INDUSTRIES INC,35263890000.0,12,5,0,0,False,False
GEHC,0001932393,G E HEALTHCARE TECHNOLOGIES INC,35207043440.0,13,5,0,0,False,False
IT,0000749251,GARTNER INC,35163572610.51,7,4,0,0,False,False
XEL,0000072903,X C E L ENERGY INC,34356459220.0,24,4,0,0,False,False
VRSK,0001442145,VERISK ANALYTICS INC,34230787740.000004,9,3,0,0,False,False
BKR,0001701605,BAKER HUGHES CO,34111640000.0,13,4,0,0,False,False
EL,0001001250,LAUDER ESTEE COS INC,33974606250.0,8,4,0,0,False,False
CMI,0000026172,CUMMINS INC,33957851067.45,11,4,0,0,False,False
COIN,0001679788,COINBASE GLOBAL INC,33947792640.0,12,5,0,0,False,False
CTVA,0001755672,CORTEVA INC,33770613680.0,7,5,0,0,False,False
NDAQ,0001120193,NASDAQ INC,33439744260.0,12,4,0,0,False,False
DD,0001666700,DUPONT DE NEMOURS INC,33083131060.000004,8,4,0,0,False,False
GPN,0001123360,GLOBAL PAYMENTS INC,33069403000.0,11,4,0,0,False,False
KR,0000056873,KROGER CO,32884825330.000004,5,4,0,0,False,False
ZS,0001713683,ZSCALER INC,32864659480.0,6,5,0,0,False,False
HAL,0000045012,HALLIBURTON CO,32356129799.999996,8,4,0,0,False,False
TTD,0001671933,TRADE DESK INC,32021984119.999996,8,4,0,0,False,False
ED,0001047862,CONSOLIDATED EDISON INC,31404663400.0,13,4,0,0,False,False
PWR,0001050915,QUANTA SERVICES INC,31352503000.0,10,4,0,0,False,False
IR,0001699150,INGERSOLL RAND INC,31306999980.0,13,4,0,0,False,False
VEEV,0001393052,VEEVA SYSTEMS INC,30998800320.0,11,5,0,0,False,False
DLTR,0000935703,DOLLAR TREE INC,30948717600.0,18,4,0,0,False,False
MLM,0000916076,MARTIN MARIETTA MATERIALS INC,30836130370.0,11,4,0,0,False,False
CDW,0001402057,C D W CORP NEW,30483613341.0,9,5,0,0,False,False
PEG,0000788784,PUBLIC SERVICE ENTERPRISE GP INC,30471901099.999996,17,4,0,0,False,False
EFX,0000033185,EQUIFAX INC,30470330697.829998,8,4,0,0,False,False
MPWR,0001280452,MONOLITHIC PWR SYS INC,30295103280.84,7,4,0,0,False,False
VMC,0001396009,VULCAN MATERIALS CO,30163498401.269997,9,4,0,0,False,False
DG,0000029534,DOLLAR GENERAL CORP NEW,29840617150.0,11,5,0,0,False,False
HPQ,0000047217,H P INC,29816241180.0,12,4,0,0,False,False
MDB,0001441816,MONGODB INC,29509976021.78,6,4,0,0,False,False
HUBS,0001404655,HUBSPOT INC,29219157733.38,9,4,0,0,False,False
DVN,0001090012,DEVON ENERGY CORP NEW,29023710000.0,7,4,0,0,False,False
FICO,0000814547,FAIR ISAAC CORP,28767343387.14,10,4,0,0,False,False
CBRE,0001138118,C B R E GROUP INC,28373180370.0,11,4,0,0,False,False
HSY,0000047111,HERSHEY CO,27944559400.0,12,4,0,0,False,False
KEYS,0001601046,KEYSIGHT TECHNOLOGIES INC,27847909050.0,7,4,0,0,False,False
WBD,0001437107,WARNER BROS DISCOVERY INC,27755820000.000004,18,4,0,0,False,False
FANG,0001539838,DIAMONDBACK ENERGY INC,27716517920.0,9,7,0,0,False,False
XYL,0001524472,XYLEM INC,27569680080.0,11,4,0,0,False,False
TTWO,0000946581,TAKE TWO INTERACTIVE SOFTWR INC,27441974999.999996,12,3,0,0,False,False
EIX,0000827052,EDISON INTERNATIONAL,27421347810.0,21,4,0,0,False,False
WEC,0000783325,W E C ENERGY GROUP INC,26550163950.0,23,4,0,0,False,False
MTD,0001037646,METTLER TOLEDO INTERNATIONAL INC,26301823772.639996,10,4,0,0,False,False
RBLX,0001315098,ROBLOX CORP,26227323720.0,12,6,0,0,False,False
CPNG,0001834584,COUPANG INC,26114227150.000004,9,4,0,0,False,False
WST,0000105770,WEST PHARMACEUTICAL SERVICES INC,26053358800.0,6,4,0,0,False,False
GLW,0000024741,CORNING INC,25979178750.0,12,4,0,0,False,False
DAL,0000027904,DELTA AIR LINES INC,25886516490.0,15,4,0,0,False,False
FTV,0001659166,FORTIVE CORP,25876085419.999996,7,4,0,0,False,False
AWK,0001410636,AMERICAN WATER WORKS CO INC,25699114897.05,17,4,0,0,False,False
ZBH,0001136869,ZIMMER BIOMET HOLDINGS INC,25432987700.0,10,4,0,0,False,False
RMD,0000943819,RESMED INC,25302765840.0,7,4,0,0,False,False
CAH,0000721371,CARDINAL HEALTH INC,24843974400.0,9,4,0,0,False,False
NET,0001477333,CLOUDFLARE INC,24636634000.0,7,4,0,0,False,False
BR,0001383312,BROADRIDGE FINANCIAL SOLUTNS INC,24205870250.0,15,5,0,0,False,False
HIG,0000874766,HARTFORD FINANCIAL SVCS GRP INC,24175892599.999996,10,5,0,0,False,False
TROW,0001113169,T ROWE PRICE GROUP INC,24115883220.0,9,4,0,0,False,False
ALNY,0001178670,ALNYLAM PHARMACEUTICALS INC,24078229540.0,12,5,0,0,False,False
STT,0000093751,STATE STREET CORP,23902916639.999996,0,0,0,0,False,False
ULTA,0001403568,ULTA BEAUTY INC,23794893894.38,7,4,0,0,False,False
SNAP,0001564408,SNAP INC,23570420040.0,8,4,0,0,False,False
FITB,0000035527,FIFTH THIRD BANCORP,23492001250.0,23,4,0,0,False,False
CHD,0000313927,CHURCH & DWIGHT INC,23297881920.0,7,4,0,0,False,False
RJF,0000720005,RAYMOND JAMES FINANCIAL INC,23259680500.0,23,4,0,0,False,False
TSCO,0000916365,TRACTOR SUPPLY CO NEW,23218079280.0,12,4,0,0,False,False
MTB,0000036270,M & T BANK CORP,22749796800.0,19,4,0,0,False,False
DTE,0000936340,D T E ENERGY CO,22742117340.0,24,8,0,0,False,False
WAB,0000943452,WABTEC CORP,22735277100.0,7,4,0,0,False,False
EBAY,0001065088,EBAY INC,22551540000.0,10,4,0,0,False,False
HWM,0000004281,HOWMET AEROSPACE INC,22283585279.999996,16,4,0,0,False,False
NVR,0000906163,N V R INC,22254431185.8,5,4,0,0,False,False
PHM,0000822416,PULTE GROUP INC,22253715900.0,7,4,0,0,False,False
ILMN,0001110803,ILLUMINA INC,22139161590.000004,16,5,0,0,False,False
HPE,0001645590,HEWLETT PACKARD ENTERPRISE CO,22074000000.0,20,6,0,0,False,False
ARES,0001176948,ARES MANAGEMENT CORP,22070006040.0,9,4,0,0,False,False
RIVN,0001874178,RIVIAN AUTOMOTIVE INC,21723960000.0,20,5,0,0,False,False
PINS,0001506293,PINTEREST INC,21718107680.0,10,4,0,0,False,False
ES,0000072741,EVERSOURCE ENERGY,21560400720.0,14,4,0,0,False,False
LYV,0001335258,LIVE NATION ENTERTAINMENT INC,21558420000.0,10,4,0,0,False,False
DOV,0000029905,DOVER CORP,21516480900.0,11,4,0,0,False,False
ETR,0000065984,ENTERGY CORP NEW,21398952870.0,15,5,0,0,False,False
ROL,0000084839,ROLLINS INC,21137939460.0,10,4,0,0,False,False
MOH,0001179929,MOLINA HEALTHCARE INC,21064373000.0,14,4,0,0,False,False
TDY,0001094285,TELEDYNE TECHNOLOGIES,21058194121.85,8,4,0,0,False,False
FE,0001031296,FIRSTENERGY CORP,21036057900.0,13,4,0,0,False,False
SIRI,0000908937,SIRIUS X M HOLDINGS INC,21021210000.0,13,4,0,0,False,False
PTC,0000857005,P T C INC,20898098394.45,10,4,0,0,False,False
VRSN,0001014473,VERISIGN INC,20863749013.0,9,4,0,0,False,False
IFF,0000051253,INTERNATIONAL FLAVORS & FRAG INC,20669940630.0,15,4,0,0,False,False
JBHT,0000728535,HUNT J B TRANSPORT SERVICES INC,20617163832.2,8,4,0,0,False,False
BLDR,0001316835,BUILDERS FIRSTSOURCE INC,20591548180.0,9,4,0,0,False,False
ALGN,0001097149,ALIGN TECHNOLOGY INC,20570550000.0,12,4,0,0,False,False
DELL,0001571996,DELL TECHNOLOGIES INC,20462755500.0,17,4,0,0,False,False
VLTO,0001967680,VERALTO CORP,20261296080.000004,8,1,0,0,False,False
BRO,0000079282,BROWN & BROWN INC,20237763780.0,11,3,0,0,False,False
PPL,0000922224,P P L CORP,19976060400.000004,21,4,0,0,False,False
EXPE,0001324424,EXPEDIA GROUP INC,19963723064.78,7,4,0,0,False,False
DRI,0000940944,DARDEN RESTAURANTS INC,19767754500.0,10,4,0,0,False,False
BAX,0000010456,BAXTER INTERNATIONAL INC,19613145840.0,14,4,0,0,False,False
WAT,0001000697,WATERS CORP,19466382801.27,11,4,0,0,False,False
AXON,0001069183,AXON ENTERPRISE INC,19452506576.99,9,4,0,0,False,False
GPC,0000040987,GENUINE PARTS CO,19417284500.0,14,4,0,0,False,False
TRGP,0001389170,TARGA RESOURCES CORP,19369925120.0,13,4,0,0,False,False
LH,0000920148,LABORATORY CORP AMERICA HLDGS,19296920151.0,27,4,0,0,False,False
CTRA,0000858470,COTERRA ENERGY INC,19195939840.0,8,4,0,0,False,False
FCNCA,0000798941,FIRST CITIZENS BANCSHARES INC NC,19177379144.550003,8,4,0,0,False,False
AEE,0001002910,AMEREN CORP,19021441300.0,18,4,0,0,False,False
STLD,0001022671,STEEL DYNAMICS INC,18898125800.0,20,4,0,0,False,False
MKL,0001096343,MARKEL GROUP INC,18769658364.38,10,1,0,0,False,False
COO,0000711404,COOPER COMPANIES INC,18742619440.0,8,4,0,0,False,False
PFG,0001126328,PRINCIPAL FINANCIAL GROUP INC,18600577460.0,11,4,0,0,False,False
ZM,0001585521,ZOOM VIDEO COMMUNICATIONS INC,18537391259.999996,11,4,0,0,False,False
EXPD,0000746515,EXPEDITORS INTERNATIONAL WA INC,18493480800.0,12,4,0,0,False,False
HBAN,0000049196,HUNTINGTON BANCSHARES INC,18422630400.000004,24,4,0,0,False,False
FSLR,0001274494,FIRST SOLAR INC,18407601160.0,8,4,0,0,False,False
VRT,0001674101,VERTIV HOLDINGS CO,18320659260.0,14,4,0,0,False,False
WRB,0000011544,BERKLEY W R CORP,18236707840.0,6,4,0,0,False,False
BMRN,0001048477,BIOMARIN PHARMACEUTICAL INC,18184619160.0,8,5,0,0,False,False
NTAP,0001002047,NETAPP INC,18163692960.0,8,4,0,0,False,False
BALL,0000009389,BALL CORP,18136113520.0,13,4,0,0,False,False
FDS,0001013237,FACTSET RESEARCH SYSTEMS INC,18122175020.12,6,4,0,0,False,False
CNP,0001130310,CENTERPOINT ENERGY INC,18034069680.0,21,4,0,0,False,False
RF,0001281761,REGIONS FINANCIAL CORP NEW,18024659700.0,13,5,0,0,False,False
ENTG,0001101302,ENTEGRIS INC,18016614480.0,20,4,0,0,False,False
SWKS,0000004127,SKYWORKS SOLUTIONS INC,18012606920.0,10,4,0,0,False,False
WLK,0001262823,WESTLAKE CORP,17934615641.41,7,4,0,0,False,False
ENPH,0001463101,ENPHASE ENERGY INC,17934305080.0,7,4,0,0,False,False
AKAM,0001086222,AKAMAI TECHNOLOGIES INC,17898425550.0,11,4,0,0,False,False
CLX,0000021076,CLOROX CO,17689572810.0,10,5,0,0,False,False
HUBB,0000048898,HUBBELL INC,17637883923.78,10,4,0,0,False,False
TYL,0000860731,TYLER TECHNOLOGIES INC,17612886880.0,7,4,0,0,False,False
HRL,0000048465,HORMEL FOODS CORP,17559032400.0,10,4,0,0,False,False
YUMC,0001673358,YUM CHINA HOLDINGS INC,17551339220.0,12,4,0,0,False,False
NTRS,0000073124,NORTHERN TRUST CORP,17308531880.0,8,4,0,0,False,False
LUV,0000092380,SOUTHWEST AIRLINES CO,17215801200.0,13,5,0,0,False,False
ATO,0000731802,ATMOS ENERGY CORP,17210686400.000004,12,4,0,0,False,False
DECK,0000910521,DECKERS OUTDOOR CORP,17199372072.69,5,4,0,0,False,False
MKC,0000063754,MCCORMICK & CO INC,17193330220.0,9,4,0,0,False,False
EPAM,0001352010,EPAM SYSTEMS INC,17156518000.0,9,4,0,0,False,False
OMC,0000029989,OMNICOM GROUP INC,17123270340.0,9,4,0,0,False,False
WDC,0000106040,WESTERN DIGITAL CORP,17072620000.0,15,4,0,0,False,False
LPLA,0001397911,L P L FINANCIAL HOLDINGS INC,16993198719.999998,10,4,0,0,False,False
ALB,0000915913,ALBEMARLE CORP,16955161439.999998,15,5,0,0,False,False
CMS,0000811156,C M S ENERGY CORP,16942735480.0,15,4,0,0,False,False
CE,0001306830,CELANESE CORP DEL,16912801350.000002,19,4,0,0,False,False
BBY,0000764478,BEST BUY COMPANY INC,16861198879.999998,9,4,0,0,False,False
BAH,0001443646,BOOZ ALLEN HAMILTON HOLDING CORP,16677033709.999998,13,4,0,0,False,False
DKNG,0001883685,DRAFTKINGS INC,16662569250.0,7,4,0,0,False,False
DT,0001773383,DYNATRACE INC,16647307860.0,12,4,0,0,False,False
TER,0000097210,TERADYNE INC,16570786959.999998,9,4,0,0,False,False
IEX,0000832101,IDEX CORP,16419160860.000002,9,4,0,0,False,False
J,0000052988,JACOBS SOLUTIONS INC,16395816800.0,13,5,0,0,False,False
JBL,0000898293,JABIL INC,16389627800.0,15,4,0,0,False,False
AVY,0000008818,AVERY DENNISON CORP,16280146959.999998,15,4,0,0,False,False
CINF,0000020286,CINCINNATI FINANCIAL CORP,16243219999.999998,15,6,0,0,False,False
RS,0000861884,RELIANCE STEEL & ALUMINUM CO,16073488705.289999,6,4,0,0,False,False
LII,0001069202,LENNOX INTERNATIONAL INC,15904860444.6,12,4,0,0,False,False
EQT,0000033213,E Q T CORP,15902095120.0,21,8,0,0,False,False
SMCI,0001375365,SUPER MICRO COMPUTER INC,15894966979.170002,17,7,0,0,False,False
SYF,0001601712,SYNCHRONY FINANCIAL,15803174760.0,21,4,0,0,False,False
TXT,0000217346,TEXTRON INC,15762722100.0,7,4,0,0,False,False
LW,0001679273,LAMB WESTON HOLDINGS INC,15665159430.0,12,4,0,0,False,False
U,0001810806,UNITY SOFTWARE INC,15538976910.0,10,5,0,0,False,False
L,0000060086,LOEWS CORP,15536037090.0,7,4,0,0,False,False
DGX,0001022079,QUEST DIAGNOSTICS INC,15502537799.999998,9,4,0,0,False,False
ERIE,0000922621,ERIE INDEMNITY CO,15469620341.89,5,4,0,0,False,False
CFG,0000759944,CITIZENS FINANCIAL GROUP INC,15450630220.0,12,4,0,0,False,False
AVTR,0001722482,AVANTOR INC,15441892379.999998,10,4,0,0,False,False
TSN,0000100493,TYSON FOODS INC,15391366250.0,8,4,0,0,False,False
POOL,0000945841,POOL CORP,15292521666.449999,12,4,0,0,False,False
MGM,0000789570,M G M RESORTS INTERNATIONAL,15261928440.0,8,5,0,0,False,False
SNA,0000091440,SNAP ON INC,15244975200.0,6,4,0,0,False,False
CSL,0000790051,CARLISLE COMPANIES,15210029203.17,10,4,0,0,False,False
CF,0001324404,C F INDUSTRIES HOLDINGS INC,15189031500.0,15,8,0,0,False,False
PODD,0001145197,INSULET CORP,15168420860.0,12,4,0,0,False,False
SSNC,0001402436,S S & C TECHNOLOGIES HLDGS INC,15069726000.0,9,4,0,0,False,False
NDSN,0000072331,NORDSON CORP,15061346560.0,15,4,0,0,False,False
SWK,0000093556,STANLEY BLACK & DECKER INC,15039809100.0,13,4,0,0,False,False
MAS,0000062996,MASCO CORP,15037076980.0,11,4,0,0,False,False
GDDY,0001609711,GODADDY INC,14949982000.0,10,4,0,0,False,False
LDOS,0001336920,LEIDOS HOLDINGS INC,14883649440.0,12,4,0,0,False,False
BSY,0001031308,BENTLEY SYSTEMS INC,14857107040.0,10,4,0,0,False,False
BEN,0000038777,FRANKLIN RESOURCES INC,14761749330.0,9,4,0,0,False,False
GGG,0000042888,GRACO INC,14644046880.0,8,1,0,0,False,False
PKG,0000075677,PACKAGING CORP AMERICA,14600645840.0,6,4,0,0,False,False
GEN,0000849399,GEN DIGITAL INC,14536340000.0,6,4,0,0,False,False
WSO,0000105016,WATSCO INC,14510565020.000002,9,4,0,0,False,False
RPM,0000110621,R P M INTERNATIONAL INC,14381069639.999998,5,4,0,0,False,False
DPZ,0001286681,DOMINOS PIZZA INC,14378994978.81,12,4,0,0,False,False
OKTA,0001660134,OKTA INC,14305912720.0,7,4,0,0,False,False
INCY,0000879169,INCYTE CORP,14082980730.0,7,4,0,0,False,False
ZBRA,0000877212,ZEBRA TECHNOLOGIES CORP,14043421556.210001,6,4,0,0,False,False
FNF,0001331875,FIDELITY NATIONAL FINL INC NEW,13885501160.0,11,4,0,0,False,False
VST,0001692819,VISTRA CORP,13772903040.000002,21,4,0,0,False,False
TWLO,0001447669,TWILIO INC,13735732410.0,12,5,0,0,False,False
CAG,0000023217,CONAGRA BRANDS INC,13698562880.0,9,4,0,0,False,False
CRBG,0001889539,COREBRIDGE FINANCIAL INC,13637049360.0,22,5,0,0,False,False
UAL,0000100517,UNITED AIRLINES HOLDINGS INC,13534063940.0,16,4,0,0,False,False
RVTY,0000031791,REVVITY INC,13489619170.0,7,5,0,0,False,False
KEY,0000091576,KEYCORP NEW,13482144000.0,11,4,0,0,False,False
SJM,0000091419,SMUCKER J M CO,13414478719.999998,17,4,0,0,False,False
TRU,0001552033,TRANSUNION,13309126999.999998,12,5,0,0,False,False
MANH,0001056696,MANHATTAN ASSOCIATES INC,13256391735.66,6,4,0,0,False,False
ACI,0001646972,ALBERTSONS COMPANIES INC,13245539000.0,15,4,0,0,False,False
OC,0001370946,OWENS CORNING NEW,13173941250.0,7,4,0,0,False,False
FWONK,0001560385,LIBERTY MEDIA CORP 3RD NEW,13143413480.0,34,4,0,0,False,False
LNT,0000352541,ALLIANT ENERGY CORP,13137776100.0,15,4,0,0,False,False
TRMB,0000864749,TRIMBLE INC,13113800000.0,13,4,0,0,False,False
NBIX,0000914475,NEUROCRINE BIOSCIENCES INC,13004711012.999998,16,4,0,0,False,False
WSM,0000719955,WILLIAMS SONOMA INC,12943178100.0,5,4,0,0,False,False
VTRS,0001792044,VIATRIS INC,12894869460.0,13,4,0,0,False,False
AES,0000874761,A E S CORP,12890358250.0,11,4,0,0,False,False
CPB,0000016732,CAMPBELL SOUP CO,12886862999.999998,13,4,0,0,False,False
TAP,0000024545,MOLSON COORS BEVERAGE CO,12879685780.0,10,4,0,0,False,False
LKQ,0001065696,L K Q CORP,12769488000.0,16,4,0,0,False,False
AFRM,0001820953,AFFIRM HOLDINGS INC,12679839900.0,9,4,0,0,False,False
CELH,0001341766,CELSIUS HOLDINGS INC,12637027240.0,16,2,0,0,False,False
ACM,0000868857,A E C O M,12569278410.0,9,4,0,0,False,False
BURL,0001579298,BURLINGTON STORES INC,12548822000.0,8,4,0,0,False,False
IP,0000051434,INTERNATIONAL PAPER CO,12508514549.999998,13,4,0,0,False,False
PAYC,0001590955,PAYCOM SOFTWARE INC,12450332160.0,15,4,0,0,False,False
LECO,0000059527,LINCOLN ELECTRIC HOLDINGS INC,12390001529.760002,10,4,0,0,False,False
MORN,0001289419,MORNINGSTAR INC,12230462292.72,25,5,0,0,False,False
DINO,0001915657,H F SINCLAIR CORP,12197337150.0,33,4,0,0,False,False
CRL,0001100682,CHARLES RIVER LABS INTL INC,12126610287.03,6,4,0,0,False,False
KMX,0001170010,CARMAX INC,12126531540.0,6,4,0,0,False,False
TECH,0000842023,BIO TECHNE CORP,12125076719.999998,8,4,0,0,False,False
DOCU,0001261333,DOCUSIGN INC,12123876300.0,10,4,0,0,False,False
TPL,0001811074,TEXAS PACIFIC LAND CORP,12068553366.249998,12,4,0,0,False,False
PATH,0001734722,UIPATH INC,12013269840.0,9,4,0,0,False,False
EVRG,0001711269,EVERGY INC,11991853800.0,15,4,0,0,False,False
OVV,0001792580,OVINTIV INC,11985855840.0,19,5,0,0,False,False
JKHY,0000779152,HENRY JACK & ASSOC INC,11905725780.0,9,5,0,0,False,False
BLD,0001633931,TOPBUILD CORP,11891737557.740002,8,4,0,0,False,False
FND,0001507079,FLOOR & DECOR HOLDINGS INC,11888949200.000002,6,4,0,0,False,False
NI,0001111711,NISOURCE INC,11876000850.0,26,4,0,0,False,False
FIVE,0001177609,FIVE BELOW INC,11764939879.999998,9,4,0,0,False,False
TFX,0000096943,TELEFLEX INC,11717234620.000002,7,4,0,0,False,False
MOS,0001285785,MOSAIC CO NEW,11677814549.999998,12,4,0,0,False,False
NRG,0001013871,N R G ENERGY INC,11671998800.0,19,4,0,0,False,False
SAIA,0001177702,SAIA INC,11634302780.000002,20,4,0,0,False,False
NTNX,0001618732,NUTANIX INC,11573886100.0,8,4,0,0,False,False
ROKU,0001428439,ROKU INC,11559975879.999998,10,4,0,0,False,False
CNA,0000021175,C N A FINANCIAL CORP,11460552010.0,9,4,0,0,False,False
GL,0000320335,GLOBE LIFE INC,11456164680.0,11,4,0,0,False,False
EQH,0001333986,EQUITABLE HOLDINGS INC,11271617100.0,10,5,0,0,False,False
PSTG,0001474432,PURE STORAGE INC,11267597180.0,5,4,0,0,False,False
USFD,0001665918,US FOODS HOLDING CORP,11164139319.999998,16,4,0,0,False,False
CCK,0001219601,CROWN HOLDINGS INC,11110290140.0,11,4,0,0,False,False
MKTX,0001278021,MARKETAXESS HLDGS INC,11099015379.0,13,4,0,0,False,False
COTY,0001024305,COTY INC,11074553820.0,24,6,0,0,False,False
